tweet_id,tweet_text,posted_via,p_negative,p_neutral,p_positive,sentiment,sentiment_score,confidence,margin
t00021,@La_Primavera_GE The second wave is here. #COVID19 #COVID #coronavirus https://t.co/UFbO9G9JHz,Phone or tablet app,0.4803,0.4808,0.0389,Neutral,-0.4414,0.4808,0.0005
t00622,If you want to beat COVID-19 you need to ask yourself this question ‘What is the most important thing?’ and I hope... https://t.co/Cmjhx0mlN6,Scheduling tool,0.0387,0.4816,0.4797,Neutral,0.441,0.4816,0.0019
t00197,#CocaCola is a clear example of how #brands are maximizing #digitalmarketing in light of the #COVID19 pandemic's im... https://t.co/hicvkJsKOW,TweetDeck,0.0156,0.491,0.4935,Positive,0.4779,0.4935,0.0025
t00931,These 3 symptoms are common in people who have died of #COVID19 https://t.co/u3hCSQUq8S,Phone or tablet app,0.4884,0.4914,0.0202,Neutral,-0.4682,0.4914,0.003
t00676,Noam Chomsky: Trump Is Using Pandemic to Enrich Billionaires as Millions Lose Work https://t.co/4sifCJ2ImZ #COVID19 #billionaires,Twitter website,0.4832,0.4897,0.0271,Neutral,-0.4561,0.4897,0.0064
t00613,"Don't be the person referring to what you think are technical aspects of ""the vaccine"" as if they're all the same.... https://t.co/qZtPaHjylE",Phone or tablet app,0.4818,0.4888,0.0294,Neutral,-0.4524,0.4888,0.007
t00420,What if tadipar is just faking his illness ? What if it's just the publicity stunt to gain the popularity and sym... https://t.co/BDUkM8Jf4Z,Phone or tablet app,0.4975,0.4901,0.0124,Negative,-0.4851,0.4975,0.0075
t01026,TNT | ASSAM #COVID19: #Assam may face Oxygen shortage; 21 per cent positivity rate for #Tripura DETAILS: https://t.co/YmFMN9exLk,Twitter website,0.4873,0.4955,0.0172,Neutral,-0.4701,0.4955,0.0083
t00232,"Name 3 experts who are supremely confident of their ability to advise on any health issue, including #COVID19? My... https://t.co/LeKEw97Nb2",Twitter website,0.0255,0.4922,0.4823,Neutral,0.4568,0.4922,0.0099
t00102,"With offices physically unavailable, #cloud-based technology proved its reliability for continuing operations durin... https://t.co/SmwyD7h17O",Scheduling tool,0.0102,0.4891,0.5006,Positive,0.4904,0.5006,0.0115
t00017,"Now everyone can stay home, watch #MLB, keep #COVID19 from spreading further!",Phone or tablet app,0.061,0.4767,0.4622,Neutral,0.4012,0.4767,0.0145
t00718,#Rabobank Posts Net #Result of EUR 227 million for First Half-Year 2020 - https://t.co/VlZbr7xiPh #Coronavirus... https://t.co/tRnM5lOren,Other or custom app,0.4957,0.4809,0.0234,Negative,-0.4723,0.4957,0.0148
t00266,#COVID19 making a killing I bet https://t.co/wV6WqS5At1,Phone or tablet app,0.4425,0.4579,0.0996,Neutral,-0.3429,0.4579,0.0154
t01001,#COVID19 side effects https://t.co/446G22YRoC,Phone or tablet app,0.4831,0.5012,0.0157,Neutral,-0.4674,0.5012,0.0181
t00316,"$TRIB looks already busy with #COVID19 between Jamestown and their Immco facility in Buffalo, while they waiting f... https://t.co/MZQtjuTSzc",Twitter website,0.4963,0.477,0.0266,Negative,-0.4697,0.4963,0.0193
t00695,Just Read if you are going out partying and refusing to wear a mask #COVID19 #coronavirus https://t.co/hpEbyXlNaD,Phone or tablet app,0.4768,0.4977,0.0256,Neutral,-0.4512,0.4977,0.0209
t00726,"📰Today's headlines | Turkey’s death toll from coronavirus rises to 5,891 🔗https://t.co/mS2GjX4xer #Turkey #COVID19 https://t.co/o4FhmEdt4e",Twitter website,0.5011,0.4801,0.0188,Negative,-0.4823,0.5011,0.021
t00507,Partnership of civil society activists helps to solve common challenges &amp; problems &amp; respond to #COVID19. #US Gover... https://t.co/Ho96Y9RF66,Twitter website,0.0114,0.4836,0.5049,Positive,0.4935,0.5049,0.0213
t00360,#ReduceReimburse #ReduceNITtuitionfees #mhrd #COVID19 Whole semester is to be conducted online But NITians are to p... https://t.co/oyhhsK79t1,Phone or tablet app,0.4767,0.5,0.0233,Neutral,-0.4534,0.5,0.0233
t00621,"Nearly 7,000 #Massachusetts children have contracted #COVID19, including 118 hospitalizations, according to a repor... https://t.co/ZG5pQd4qo8",Scheduling tool,0.4805,0.5041,0.0154,Neutral,-0.4651,0.5041,0.0237
t00924,If Biden wants to do whatever we can do to save lives why doesn’t he shut down Planned Parenthood? #COVID19,Phone or tablet app,0.4966,0.4725,0.0309,Negative,-0.4657,0.4966,0.024
t00276,Don't forget your mask.... and don't forget to wear it correctly. Health officials say wearing it the right way is... https://t.co/N3mfcTEDCj,Twitter website,0.019,0.4783,0.5027,Positive,0.4837,0.5027,0.0244
t00831,"So how many deaths is it, @ABCaustralia? #COVID19Vic #COVID19Aus #COVID #COVID19 #Covid19VicData #snafu https://t.co/BTcfkHcdy3",Twitter website,0.4799,0.5047,0.0154,Neutral,-0.4645,0.5047,0.0249
t00666,Whoops... #Norge #covid19 #Corona https://t.co/0VqQitLFCO,Twitter website,0.4891,0.4637,0.0472,Negative,-0.4419,0.4891,0.0254
t00762,#covid19 cases increased faster in Denver than in Weld County from 5/6 to 8/13 despite the mandatory mask requireme... https://t.co/9KdnHEHKN3,Phone or tablet app,0.5045,0.4774,0.0181,Negative,-0.4864,0.5045,0.027
t00563,"Highest single-day spike of 64,399 #COVID19 positive cases &amp; 861 deaths reported in #India, in the last 24 hours.... https://t.co/u7fAngYp58",Phone or tablet app,0.5005,0.4732,0.0262,Negative,-0.4743,0.5005,0.0273
t00089,Everybody needs something a little different. Just be in tune with yourself. 💕 #COVID19 #Coronavirus,Bot or auto-feed,0.0808,0.4448,0.4744,Positive,0.3936,0.4744,0.0295
t01011,Police were doing breathalyzer test in Ashgrove (QLD) on Thursday (27/08) at 2pm! You do know its risky doing it wh... https://t.co/Ma0qBMdrEj,Phone or tablet app,0.5044,0.4719,0.0236,Negative,-0.4808,0.5044,0.0325
t00578,Oh look... #COVID19 #Covid19UK https://t.co/tvsUaUd06z,Twitter website,0.4574,0.4921,0.0505,Neutral,-0.4069,0.4921,0.0347
t00751,@tiger150 @THEHermanCain I wonder if Herman has #COVID19 post-mortem. &lt;I just slapped my hand&gt;.,Phone or tablet app,0.5035,0.4676,0.0289,Negative,-0.4746,0.5035,0.0358
t00878,The impact of #COVID19 on #construction is stark. But owners and operators that act now to embrace more efficient a... https://t.co/rxbcYqUm41,Scheduling tool,0.504,0.468,0.028,Negative,-0.476,0.504,0.036
t00486,ac/said/er via Whitehall rebecca in reverse. They said its a fair Hurst Teacher. Flying newts class. So weird how m... https://t.co/xbVyqZi195,Phone or tablet app,0.5089,0.4716,0.0195,Negative,-0.4894,0.5089,0.0373
t00251,#Ethiopia @FMoHealth continues to increase #COVID19 test capacity exponentially; essential for intelligence on the... https://t.co/ZfHiTMV3GP,Phone or tablet app,0.0187,0.5096,0.4717,Neutral,0.453,0.5096,0.0379
t00779,Yet another study has established that BCG (Bacille Calmette-Guerin) vaccine increases the ability of the immune sy... https://t.co/XZHzG0DFw8,Phone or tablet app,0.0058,0.4773,0.5168,Positive,0.511,0.5168,0.0395
t00461,@Niki_Lyn_ @BeckySarasotabf @rccola1962 @stillgray Interesting. #personwomanmancameratv #ItIsWhatItIs #Epstein... https://t.co/9py9cG6aeK,Phone or tablet app,0.0103,0.515,0.4747,Neutral,0.4644,0.515,0.0403
t00070,But lets send the kids &amp; teachers back to filled schools &amp; full school days in just a few weeks. The blood is on th... https://t.co/satkvWkR9Q,Phone or tablet app,0.5009,0.4603,0.0388,Negative,-0.4621,0.5009,0.0405
t00373,"Thread of Today’s Visit to #London what it’s like during #COVID19 100% authentic, if your looking for Bullshit and... https://t.co/EB4S5GdvJC",Phone or tablet app,0.4437,0.4842,0.0721,Neutral,-0.3716,0.4842,0.0405
t00994,@EricTopol Slow down testing (e.g. new CDC guidelines). Take control of #COVID19 data. Push out vaccine before it i... https://t.co/YueKz6GWA6,Twitter website,0.5119,0.4707,0.0174,Negative,-0.4945,0.5119,0.0412
t00586,Breastfeeding should not be stopped out of the fear of having #COVID19. Ensure to: 😷 Wear a mask during feeding 💧... https://t.co/HcTvNr3ugt,Twitter website,0.4624,0.5044,0.0331,Neutral,-0.4293,0.5044,0.042
t00447,@SenToomey #CitiesAreEssential in the #COVID19 response &amp; recovery. Our hometowns need help NOW through DIRECT reli... https://t.co/8kPWYnAvqO,Twitter website,0.0337,0.4593,0.5069,Positive,0.4732,0.5069,0.0476
