tweet_id,date,hour,weekday,posted_via,country,sentiment,sentiment_score,confidence,margin
t00000,2020-07-24,23,Friday,Twitter website,,Positive,0.7791,0.7854,0.5772
t00001,2020-07-24,23,Friday,Phone or tablet app,United States,Negative,-0.9241,0.933,0.8748
t00002,2020-07-24,23,Friday,Twitter website,,Negative,-0.8616,0.8686,0.7442
t00003,2020-07-24,23,Friday,Phone or tablet app,United States,Negative,-0.8545,0.8627,0.7336
t00004,2020-07-24,23,Friday,Scheduling tool,United States,Neutral,0.3601,0.6281,0.2621
t00005,2020-07-24,23,Friday,Phone or tablet app,Australia,Neutral,0.1532,0.8304,0.669
t00006,2020-07-24,23,Friday,Twitter website,,Neutral,-0.0282,0.8996,0.8353
t00007,2020-07-24,23,Friday,Phone or tablet app,,Negative,-0.1027,0.4101,0.1027
t00008,2020-07-24,23,Friday,Phone or tablet app,,Neutral,0.199,0.7724,0.5591
t00009,2020-07-24,23,Friday,Twitter website,United States,Neutral,-0.1099,0.8085,0.6579
t00010,2020-07-24,23,Friday,Twitter website,United States,Neutral,0.0918,0.8636,0.7495
t00011,2020-07-24,23,Friday,Phone or tablet app,,Negative,-0.831,0.8411,0.6922
t00012,2020-07-24,23,Friday,Scheduling tool,United States,Neutral,-0.1355,0.8301,0.6774
t00013,2020-07-24,23,Friday,Phone or tablet app,United States,Negative,-0.9337,0.9408,0.8886
t00014,2020-07-24,23,Friday,Phone or tablet app,United Kingdom,Neutral,-0.0746,0.6764,0.4773
t00015,2020-07-24,23,Friday,Phone or tablet app,United States,Negative,-0.9204,0.9291,0.8669
t00016,2020-07-24,23,Friday,Phone or tablet app,,Positive,0.6852,0.6942,0.3973
t00017,2020-07-24,23,Friday,Phone or tablet app,,Neutral,0.4012,0.4767,0.0145
t00018,2020-07-24,23,Friday,Twitter website,United States,Negative,-0.5044,0.5283,0.0805
t00019,2020-07-24,23,Friday,Twitter website,United States,Neutral,0.0567,0.7201,0.5518
t00020,2020-07-24,23,Friday,Phone or tablet app,,Negative,-0.7497,0.7613,0.5342
t00021,2020-07-24,23,Friday,Phone or tablet app,,Neutral,-0.4414,0.4808,0.0005
t00022,2020-07-24,23,Friday,Twitter website,United States,Negative,-0.826,0.8341,0.6763
t00023,2020-07-24,23,Friday,Twitter website,United States,Neutral,0.0383,0.9523,0.9094
t00024,2020-07-24,23,Friday,Scheduling tool,United States,Negative,-0.4896,0.5143,0.0532
t00025,2020-07-24,23,Friday,Scheduling tool,United States,Neutral,0.1209,0.7248,0.5267
t00026,2020-07-24,23,Friday,Phone or tablet app,United States,Neutral,0.3723,0.6124,0.2325
t00027,2020-07-24,23,Friday,Phone or tablet app,United States,Negative,-0.8113,0.8207,0.6508
t00028,2020-07-24,23,Friday,TweetDeck,,Neutral,0.1345,0.8513,0.7097
t00029,2020-07-24,23,Friday,Twitter website,United States,Positive,0.9796,0.9825,0.968
t00030,2020-07-24,23,Friday,Twitter website,,Neutral,0.0173,0.9586,0.9293
t00031,2020-07-24,23,Friday,Twitter website,Canada,Negative,-0.8992,0.9045,0.8144
t00032,2020-07-24,23,Friday,Phone or tablet app,,Negative,-0.8107,0.8262,0.6679
t00033,2020-07-24,23,Friday,Twitter website,,Neutral,-0.3952,0.5336,0.1027
t00034,2020-07-24,23,Friday,Phone or tablet app,United States,Negative,-0.7127,0.7283,0.4722
t00035,2020-07-24,23,Friday,Phone or tablet app,,Negative,-0.7035,0.7244,0.4697
t00036,2020-07-24,23,Friday,Other or custom app,United States,Neutral,0.0835,0.9048,0.8155
t00037,2020-07-24,23,Friday,Phone or tablet app,,Negative,-0.595,0.6034,0.2152
t00038,2020-07-24,23,Friday,Phone or tablet app,,Neutral,-0.3274,0.6,0.2363
t00039,2020-07-24,23,Friday,Phone or tablet app,,Negative,-0.6962,0.7129,0.4424
t00040,2020-07-25,0,Saturday,Twitter website,United States,Neutral,-0.0868,0.8372,0.7125
t00041,2020-07-25,0,Saturday,Phone or tablet app,United States,Negative,-0.4455,0.5007,0.0566
t00042,2020-07-25,0,Saturday,Phone or tablet app,Nigeria,Neutral,-0.3358,0.6302,0.2775
t00043,2020-07-25,1,Saturday,Phone or tablet app,,Neutral,0.0169,0.9443,0.908
t00044,2020-07-25,1,Saturday,Phone or tablet app,,Negative,-0.6986,0.7339,0.5031
t00045,2020-07-25,1,Saturday,Phone or tablet app,India,Negative,-0.8664,0.8749,0.7583
t00046,2020-07-25,2,Saturday,Phone or tablet app,Australia,Negative,-0.5711,0.5855,0.1855
t00047,2020-07-25,2,Saturday,Twitter website,Canada,Negative,-0.5235,0.5548,0.1409
t00048,2020-07-25,2,Saturday,Cross-posted,United States,Neutral,0.3615,0.6023,0.2227
t00049,2020-07-25,3,Saturday,Twitter website,United Kingdom,Neutral,0.0568,0.8678,0.7734
t00050,2020-07-25,4,Saturday,Phone or tablet app,United States,Neutral,-0.3206,0.6285,0.2824
t00051,2020-07-25,4,Saturday,Twitter website,Australia,Neutral,-0.1007,0.8167,0.6748
t00052,2020-07-25,5,Saturday,Phone or tablet app,,Negative,-0.7061,0.7339,0.4957
t00053,2020-07-25,6,Saturday,Phone or tablet app,,Neutral,0.1439,0.8309,0.6745
t00054,2020-07-25,6,Saturday,Phone or tablet app,,Neutral,0.0918,0.8278,0.6957
t00055,2020-07-25,6,Saturday,Phone or tablet app,,Neutral,-0.0018,0.9332,0.8989
t00056,2020-07-25,7,Saturday,Bot or auto-feed,,Negative,-0.7543,0.7604,0.5269
t00057,2020-07-25,7,Saturday,Phone or tablet app,United Kingdom,Negative,-0.8682,0.8753,0.7578
t00058,2020-07-25,7,Saturday,Twitter website,,Negative,-0.6982,0.7109,0.4346
t00059,2020-07-25,7,Saturday,Twitter website,United Kingdom,Negative,-0.7564,0.7685,0.5492
t00060,2020-07-25,7,Saturday,TweetDeck,,Negative,-0.7976,0.8038,0.6138
t00061,2020-07-25,7,Saturday,Phone or tablet app,South Africa,Neutral,-0.0033,0.7361,0.6025
t00062,2020-07-25,8,Saturday,Twitter website,United Kingdom,Negative,-0.8132,0.819,0.6438
t00063,2020-07-25,8,Saturday,Scheduling tool,United States,Neutral,0.0836,0.8902,0.7936
t00064,2020-07-25,8,Saturday,Twitter website,,Positive,0.5294,0.5348,0.0751
t00065,2020-07-25,9,Saturday,Scheduling tool,India,Neutral,0.2971,0.5958,0.2451
t00066,2020-07-25,10,Saturday,Scheduling tool,United States,Neutral,0.0223,0.9563,0.9233
t00067,2020-07-25,10,Saturday,Phone or tablet app,,Neutral,-0.0671,0.8719,0.7743
t00068,2020-07-25,10,Saturday,Phone or tablet app,United Kingdom,Neutral,0.0553,0.9228,0.8565
t00069,2020-07-25,10,Saturday,Phone or tablet app,United Kingdom,Neutral,-0.043,0.7506,0.6043
t00070,2020-07-25,10,Saturday,Phone or tablet app,United States,Negative,-0.4621,0.5009,0.0405
t00071,2020-07-25,10,Saturday,Phone or tablet app,United States,Negative,-0.8904,0.8991,0.8069
t00072,2020-07-25,10,Saturday,Phone or tablet app,,Negative,-0.5529,0.5835,0.1976
t00073,2020-07-25,11,Saturday,Phone or tablet app,,Positive,0.7795,0.7831,0.5699
t00074,2020-07-25,11,Saturday,Scheduling tool,,Neutral,0.0017,0.9479,0.9211
t00075,2020-07-25,11,Saturday,Phone or tablet app,,Neutral,0.396,0.57,0.157
t00076,2020-07-25,11,Saturday,Twitter website,,Negative,-0.7941,0.8037,0.617
t00077,2020-07-25,11,Saturday,Twitter website,United Kingdom,Neutral,-0.0416,0.88,0.7991
t00078,2020-07-25,11,Saturday,Twitter website,,Neutral,0.2716,0.6946,0.406
t00079,2020-07-25,11,Saturday,Phone or tablet app,Australia,Neutral,0.0461,0.5198,0.2566
t00080,2020-07-26,2,Sunday,Phone or tablet app,Kenya,Neutral,0.0939,0.5147,0.2252
t00081,2020-07-26,2,Sunday,Bot or auto-feed,,Neutral,-0.0779,0.7987,0.659
t00082,2020-07-26,2,Sunday,TweetDeck,,Negative,-0.7259,0.7373,0.4859
t00083,2020-07-26,3,Sunday,Phone or tablet app,India,Neutral,-0.3795,0.5105,0.0761
t00084,2020-07-26,3,Sunday,Phone or tablet app,United States,Positive,0.7966,0.8051,0.6186
t00085,2020-07-26,3,Sunday,TweetDeck,,Neutral,0.0479,0.9042,0.8323
t00086,2020-07-26,3,Sunday,Phone or tablet app,,Neutral,-0.426,0.5234,0.0721
t00087,2020-07-26,3,Sunday,Twitter website,United States,Neutral,0.3174,0.6726,0.3502
t00088,2020-07-26,4,Sunday,Bot or auto-feed,,Positive,0.96,0.962,0.9259
t00089,2020-07-26,4,Sunday,Bot or auto-feed,,Positive,0.3936,0.4744,0.0295
t00090,2020-07-26,4,Sunday,Phone or tablet app,Philippines,Positive,0.5903,0.6169,0.2604
t00091,2020-07-26,4,Sunday,Twitter website,,Negative,-0.6021,0.6137,0.2389
t00092,2020-07-26,4,Sunday,Phone or tablet app,United States,Negative,-0.4825,0.561,0.2004
t00093,2020-07-26,5,Sunday,Twitter website,Australia,Negative,-0.9118,0.9163,0.8371
t00094,2020-07-26,5,Sunday,Phone or tablet app,,Negative,-0.8969,0.9013,0.8069
t00095,2020-07-26,5,Sunday,Twitter website,,Neutral,0.1159,0.8311,0.6887
t00096,2020-07-26,5,Sunday,Phone or tablet app,United States,Negative,-0.9242,0.9304,0.867
t00097,2020-07-26,6,Sunday,Scheduling tool,Australia,Neutral,0.0525,0.9142,0.8451
t00098,2020-07-26,6,Sunday,Cross-posted,South Africa,Negative,-0.6865,0.7051,0.4287
t00099,2020-07-26,7,Sunday,Twitter website,,Positive,0.6824,0.7081,0.4419
t00100,2020-07-26,7,Sunday,Twitter website,India,Neutral,-0.1595,0.7524,0.5489
t00101,2020-07-26,7,Sunday,Phone or tablet app,Nigeria,Neutral,0.2715,0.4969,0.1096
t00102,2020-07-26,7,Sunday,Scheduling tool,India,Positive,0.4904,0.5006,0.0115
t00103,2020-07-26,7,Sunday,Phone or tablet app,United Kingdom,Negative,-0.7257,0.7382,0.4889
t00104,2020-07-26,7,Sunday,Phone or tablet app,Australia,Neutral,-0.2593,0.7005,0.4212
t00105,2020-07-26,8,Sunday,Phone or tablet app,United States,Neutral,0.0303,0.9525,0.9136
t00106,2020-07-26,8,Sunday,Twitter website,United States,Neutral,-0.3548,0.5868,0.2028
t00107,2020-07-26,8,Sunday,Phone or tablet app,Canada,Positive,0.6174,0.7323,0.5795
t00108,2020-07-26,8,Sunday,Twitter website,India,Negative,-0.836,0.8479,0.7077
t00109,2020-07-26,8,Sunday,Phone or tablet app,,Positive,0.7165,0.72,0.4435
t00110,2020-07-26,8,Sunday,Twitter website,,Neutral,-0.1368,0.7484,0.5542
t00111,2020-07-26,8,Sunday,Cross-posted,Australia,Neutral,-0.3415,0.5253,0.1172
t00112,2020-07-26,8,Sunday,TweetDeck,,Neutral,-0.3923,0.5587,0.1419
t00113,2020-07-26,9,Sunday,TweetDeck,,Neutral,0.039,0.942,0.8935
t00114,2020-07-26,9,Sunday,Phone or tablet app,Ireland,Negative,-0.7894,0.8028,0.619
t00115,2020-07-26,9,Sunday,Phone or tablet app,India,Neutral,0.2309,0.7468,0.5047
t00116,2020-07-26,9,Sunday,Twitter website,,Neutral,0.0474,0.8954,0.8194
t00117,2020-07-26,9,Sunday,Phone or tablet app,United States,Neutral,0.0184,0.9004,0.8414
t00118,2020-07-26,9,Sunday,Phone or tablet app,,Positive,0.5199,0.619,0.3371
t00119,2020-07-26,9,Sunday,Phone or tablet app,,Neutral,-0.0219,0.9423,0.9025
t00120,2020-07-27,1,Monday,Twitter website,United States,Negative,-0.6542,0.6688,0.3523
t00121,2020-07-27,1,Monday,Scheduling tool,Australia,Negative,-0.7986,0.8068,0.6218
t00122,2020-07-27,1,Monday,Phone or tablet app,Philippines,Neutral,0.0426,0.8795,0.798
t00123,2020-07-27,2,Monday,Scheduling tool,United States,Neutral,0.0558,0.9268,0.8623
t00124,2020-07-27,2,Monday,Twitter website,Australia,Negative,-0.9142,0.9188,0.8422
t00125,2020-07-27,2,Monday,Phone or tablet app,United States,Negative,-0.5455,0.5656,0.1512
t00126,2020-07-27,2,Monday,Twitter website,,Negative,-0.7391,0.7563,0.5299
t00127,2020-07-27,2,Monday,Phone or tablet app,Canada,Neutral,-0.1988,0.754,0.5316
t00128,2020-07-27,3,Monday,Twitter website,,Negative,-0.8971,0.903,0.812
t00129,2020-07-27,3,Monday,Twitter website,United States,Negative,-0.4572,0.5191,0.1001
t00130,2020-07-27,3,Monday,Phone or tablet app,,Negative,-0.6196,0.6355,0.2868
t00131,2020-07-27,3,Monday,Phone or tablet app,,Negative,-0.6095,0.6209,0.2531
t00132,2020-07-27,3,Monday,Phone or tablet app,India,Neutral,-0.0629,0.8883,0.801
t00133,2020-07-27,4,Monday,Other or custom app,,Neutral,0.108,0.8791,0.7647
t00134,2020-07-27,4,Monday,Twitter website,United States,Neutral,-0.1424,0.7446,0.5457
t00135,2020-07-27,4,Monday,Twitter website,United States,Positive,0.6558,0.6585,0.3196
t00136,2020-07-27,4,Monday,Twitter website,India,Negative,-0.5133,0.5246,0.0604
t00137,2020-07-27,4,Monday,Phone or tablet app,,Positive,0.5159,0.5658,0.1814
t00138,2020-07-27,5,Monday,Phone or tablet app,,Neutral,0.3354,0.6224,0.2659
t00139,2020-07-27,5,Monday,Phone or tablet app,,Negative,-0.9356,0.9421,0.8906
t00140,2020-07-27,5,Monday,Phone or tablet app,,Neutral,-0.044,0.8974,0.8241
t00141,2020-07-27,5,Monday,Twitter website,,Neutral,0.1807,0.8093,0.6235
t00142,2020-07-27,5,Monday,Bot or auto-feed,,Negative,-0.8287,0.8364,0.6805
t00143,2020-07-27,5,Monday,Twitter website,India,Negative,-0.4325,0.4944,0.0508
t00144,2020-07-27,5,Monday,Twitter website,,Neutral,-0.4148,0.5578,0.1292
t00145,2020-07-27,6,Monday,Bot or auto-feed,,Neutral,-0.2719,0.6825,0.3878
t00146,2020-07-27,6,Monday,Twitter website,,Negative,-0.6003,0.6137,0.2408
t00147,2020-07-27,6,Monday,Twitter website,,Neutral,0.2241,0.7629,0.5323
t00148,2020-07-27,6,Monday,Twitter website,India,Neutral,-0.1014,0.828,0.6913
t00149,2020-07-27,6,Monday,Twitter website,,Negative,-0.8413,0.8496,0.7074
t00150,2020-07-27,6,Monday,Phone or tablet app,United States,Positive,0.7685,0.7838,0.583
t00151,2020-07-27,6,Monday,Twitter website,Pakistan,Neutral,0.1496,0.8448,0.6923
t00152,2020-07-27,6,Monday,Twitter website,,Neutral,-0.312,0.6354,0.2971
t00153,2020-07-27,6,Monday,Twitter website,,Neutral,0.3583,0.6239,0.2567
t00154,2020-07-27,6,Monday,Twitter website,,Negative,-0.6579,0.6715,0.3566
t00155,2020-07-27,6,Monday,Phone or tablet app,United Kingdom,Positive,0.951,0.9529,0.9078
t00156,2020-07-27,6,Monday,Phone or tablet app,Kenya,Neutral,-0.297,0.6722,0.3598
t00157,2020-07-27,7,Monday,Phone or tablet app,United States,Neutral,-0.3994,0.548,0.1222
t00158,2020-07-27,7,Monday,TweetDeck,India,Negative,-0.5967,0.612,0.2393
t00159,2020-07-27,7,Monday,Phone or tablet app,South Africa,Positive,0.8941,0.9,0.8059
t00160,2020-07-28,2,Tuesday,Phone or tablet app,,Negative,-0.9313,0.9375,0.8812
t00161,2020-07-28,3,Tuesday,TweetDeck,,Neutral,-0.0094,0.9043,0.8517
t00162,2020-07-28,3,Tuesday,Phone or tablet app,United States,Neutral,-0.3339,0.6171,0.2587
t00163,2020-07-28,3,Tuesday,Twitter website,,Negative,-0.8563,0.8637,0.7348
t00164,2020-07-28,3,Tuesday,Twitter website,,Neutral,0.0628,0.8978,0.8153
t00165,2020-07-28,3,Tuesday,Phone or tablet app,,Neutral,0.3657,0.6185,0.2448
t00166,2020-07-28,3,Tuesday,TweetDeck,India,Neutral,0.0746,0.8811,0.7843
t00167,2020-07-28,3,Tuesday,Twitter website,India,Negative,-0.6124,0.629,0.2746
t00168,2020-07-28,3,Tuesday,Twitter website,,Positive,0.8214,0.8306,0.6703
t00169,2020-07-28,3,Tuesday,Other or custom app,Global / unstated,Negative,-0.5531,0.5642,0.1395
t00170,2020-07-28,3,Tuesday,Phone or tablet app,United States,Negative,-0.5996,0.6453,0.3363
t00171,2020-07-28,4,Tuesday,Twitter website,,Positive,0.71,0.7535,0.5505
t00172,2020-07-28,4,Tuesday,Phone or tablet app,United States,Neutral,0.0298,0.9173,0.8611
t00173,2020-07-28,4,Tuesday,Twitter website,India,Neutral,0.1468,0.8446,0.6934
t00174,2020-07-28,4,Tuesday,Phone or tablet app,,Negative,-0.8232,0.8311,0.6702
t00175,2020-07-28,4,Tuesday,Other or custom app,United States,Neutral,0.2803,0.6939,0.4008
t00176,2020-07-28,4,Tuesday,Phone or tablet app,United States,Negative,-0.7247,0.7448,0.5097
t00177,2020-07-28,5,Tuesday,Phone or tablet app,,Negative,-0.9225,0.9287,0.8635
t00178,2020-07-28,5,Tuesday,TweetDeck,Australia,Neutral,0.0461,0.9227,0.8609
t00179,2020-07-28,5,Tuesday,Twitter website,,Positive,0.9117,0.9188,0.8446
t00180,2020-07-28,5,Tuesday,Twitter website,South Africa,Negative,-0.6335,0.6468,0.3069
t00181,2020-07-28,5,Tuesday,Twitter website,India,Neutral,-0.1702,0.7602,0.5552
t00182,2020-07-28,5,Tuesday,Scheduling tool,Australia,Neutral,-0.0162,0.9335,0.8922
t00183,2020-07-28,5,Tuesday,Twitter website,United States,Negative,-0.9102,0.9167,0.8398
t00184,2020-07-28,5,Tuesday,TweetDeck,Australia,Neutral,-0.0439,0.9123,0.8465
t00185,2020-07-28,6,Tuesday,Scheduling tool,,Neutral,-0.3161,0.6411,0.3037
t00186,2020-07-28,6,Tuesday,Phone or tablet app,,Negative,-0.8929,0.9017,0.8123
t00187,2020-07-28,6,Tuesday,Twitter website,United States,Negative,-0.7989,0.8055,0.6176
t00188,2020-07-28,6,Tuesday,Twitter website,,Neutral,0.3003,0.6423,0.3134
t00189,2020-07-28,6,Tuesday,Twitter website,India,Neutral,-0.2589,0.6943,0.4119
t00190,2020-07-28,6,Tuesday,Twitter website,,Neutral,0.0059,0.9238,0.8828
t00191,2020-07-28,6,Tuesday,Phone or tablet app,,Neutral,-0.004,0.9539,0.9288
t00192,2020-07-28,6,Tuesday,Phone or tablet app,,Neutral,-0.3984,0.5622,0.1441
t00193,2020-07-28,6,Tuesday,Twitter website,India,Neutral,-0.1471,0.4586,0.1143
t00194,2020-07-28,6,Tuesday,Twitter website,Australia,Neutral,-0.1241,0.8183,0.6654
t00195,2020-07-28,6,Tuesday,TweetDeck,Australia,Neutral,-0.3648,0.6008,0.2187
t00196,2020-07-28,6,Tuesday,Scheduling tool,,Negative,-0.4939,0.5251,0.0814
t00197,2020-07-28,6,Tuesday,TweetDeck,,Positive,0.4779,0.4935,0.0025
t00198,2020-07-28,6,Tuesday,Twitter website,,Positive,0.877,0.887,0.7839
t00199,2020-07-29,15,Wednesday,Phone or tablet app,,Negative,-0.735,0.7629,0.5536
t00200,2020-07-29,15,Wednesday,Twitter website,United States,Positive,0.9239,0.9254,0.8523
t00201,2020-07-29,15,Wednesday,Scheduling tool,India,Neutral,-0.2321,0.6295,0.3283
t00202,2020-07-29,15,Wednesday,Phone or tablet app,United States,Neutral,-0.0699,0.8599,0.7548
t00203,2020-07-29,15,Wednesday,Twitter website,,Negative,-0.7984,0.8148,0.6461
t00204,2020-07-29,15,Wednesday,Twitter website,,Positive,0.6157,0.6224,0.2516
t00205,2020-07-29,15,Wednesday,Scheduling tool,,Neutral,0.0542,0.9296,0.8673
t00206,2020-07-29,16,Wednesday,Scheduling tool,United States,Neutral,-0.0409,0.8341,0.7307
t00207,2020-07-29,16,Wednesday,Twitter website,,Negative,-0.7272,0.7398,0.4921
t00208,2020-07-29,16,Wednesday,Phone or tablet app,,Negative,-0.8114,0.82,0.6487
t00209,2020-07-29,16,Wednesday,Scheduling tool,,Negative,-0.6194,0.6307,0.2727
t00210,2020-07-29,16,Wednesday,Scheduling tool,Canada,Neutral,0.0181,0.9465,0.9107
t00211,2020-07-29,16,Wednesday,Scheduling tool,United States,Neutral,-0.1039,0.7681,0.6001
t00212,2020-07-29,16,Wednesday,Twitter website,,Negative,-0.6989,0.7315,0.4955
t00213,2020-07-29,16,Wednesday,Scheduling tool,United States,Neutral,0.058,0.8502,0.7462
t00214,2020-07-29,16,Wednesday,Twitter website,,Neutral,0.031,0.9378,0.8912
t00215,2020-07-29,16,Wednesday,TweetDeck,Global / unstated,Positive,0.7712,0.7727,0.5469
t00216,2020-07-29,16,Wednesday,Phone or tablet app,,Neutral,0.0617,0.8271,0.7098
t00217,2020-07-29,16,Wednesday,Scheduling tool,,Neutral,0.1656,0.8247,0.6543
t00218,2020-07-29,16,Wednesday,Phone or tablet app,,Positive,0.9679,0.9736,0.9529
t00219,2020-07-29,16,Wednesday,Phone or tablet app,United States,Positive,0.7491,0.7546,0.5147
t00220,2020-07-29,16,Wednesday,Phone or tablet app,,Negative,-0.677,0.6941,0.4054
t00221,2020-07-29,16,Wednesday,Scheduling tool,,Neutral,0.2176,0.7656,0.5396
t00222,2020-07-29,16,Wednesday,Other or custom app,United States,Negative,-0.8829,0.8904,0.7884
t00223,2020-07-29,16,Wednesday,Phone or tablet app,United States,Neutral,-0.3186,0.5526,0.1697
t00224,2020-07-29,16,Wednesday,Phone or tablet app,United States,Negative,-0.7367,0.7458,0.5007
t00225,2020-07-29,16,Wednesday,Twitter website,United States,Neutral,0.0117,0.8983,0.8416
t00226,2020-07-29,16,Wednesday,Scheduling tool,Canada,Neutral,-0.0339,0.9204,0.8636
t00227,2020-07-29,16,Wednesday,Phone or tablet app,Canada,Negative,-0.8546,0.8639,0.7371
t00228,2020-07-29,16,Wednesday,Twitter website,,Negative,-0.9283,0.9366,0.8814
t00229,2020-07-29,16,Wednesday,Twitter website,,Positive,0.6951,0.7154,0.4511
t00230,2020-07-29,16,Wednesday,Twitter website,,Positive,0.7029,0.7098,0.4266
t00231,2020-07-29,16,Wednesday,Scheduling tool,,Neutral,-0.2091,0.6548,0.3776
t00232,2020-07-29,16,Wednesday,Twitter website,,Neutral,0.4568,0.4922,0.0099
t00233,2020-07-29,16,Wednesday,Phone or tablet app,,Positive,0.9748,0.9786,0.9609
t00234,2020-07-29,16,Wednesday,Phone or tablet app,,Neutral,0.0211,0.9253,0.8774
t00235,2020-07-29,16,Wednesday,Phone or tablet app,Canada,Neutral,-0.2428,0.5124,0.1471
t00236,2020-07-29,16,Wednesday,Cross-posted,United States,Neutral,0.2115,0.7839,0.5701
t00237,2020-07-29,16,Wednesday,Scheduling tool,United Kingdom,Neutral,-0.1327,0.8235,0.6689
t00238,2020-07-29,16,Wednesday,Phone or tablet app,,Positive,0.6356,0.6481,0.3088
t00239,2020-07-30,20,Thursday,Scheduling tool,,Neutral,0.4295,0.5627,0.1293
t00240,2020-07-30,20,Thursday,Phone or tablet app,Ireland,Negative,-0.636,0.6618,0.3494
t00241,2020-07-30,20,Thursday,Phone or tablet app,United States,Neutral,0.1744,0.813,0.6324
t00242,2020-07-30,20,Thursday,TweetDeck,United States,Negative,-0.4896,0.5598,0.1898
t00243,2020-07-30,20,Thursday,Phone or tablet app,United States,Neutral,-0.373,0.5723,0.1719
t00244,2020-07-30,20,Thursday,Twitter website,,Neutral,0.4099,0.5429,0.1094
t00245,2020-07-30,20,Thursday,Phone or tablet app,United States,Negative,-0.7701,0.7782,0.5644
t00246,2020-07-30,20,Thursday,Phone or tablet app,United States,Neutral,-0.0454,0.8908,0.8135
t00247,2020-07-30,20,Thursday,Phone or tablet app,,Negative,-0.6949,0.715,0.4501
t00248,2020-07-30,20,Thursday,Phone or tablet app,Kenya,Negative,-0.7086,0.7269,0.4722
t00249,2020-07-30,20,Thursday,Phone or tablet app,,Negative,-0.5237,0.5481,0.1205
t00250,2020-07-30,20,Thursday,Twitter website,United States,Negative,-0.8648,0.8733,0.7551
t00251,2020-07-30,20,Thursday,Phone or tablet app,United Kingdom,Neutral,0.453,0.5096,0.0379
t00252,2020-07-30,20,Thursday,Phone or tablet app,United States,Neutral,-0.2082,0.6056,0.3043
t00253,2020-07-30,20,Thursday,Twitter website,,Negative,-0.651,0.6654,0.3453
t00254,2020-07-30,20,Thursday,Twitter website,United States,Positive,0.721,0.7243,0.4519
t00255,2020-07-30,20,Thursday,Phone or tablet app,Canada,Negative,-0.8689,0.8765,0.7607
t00256,2020-07-30,20,Thursday,Phone or tablet app,,Neutral,-0.3776,0.6,0.2113
t00257,2020-07-30,20,Thursday,Phone or tablet app,,Positive,0.6113,0.6199,0.2484
t00258,2020-07-30,20,Thursday,Phone or tablet app,,Negative,-0.8729,0.8785,0.7626
t00259,2020-07-30,20,Thursday,Phone or tablet app,United Kingdom,Neutral,-0.0091,0.9523,0.9239
t00260,2020-07-30,20,Thursday,Phone or tablet app,,Positive,0.9665,0.9733,0.9533
t00261,2020-07-30,20,Thursday,Phone or tablet app,United States,Neutral,-0.1078,0.8221,0.6792
t00262,2020-07-30,20,Thursday,Twitter website,United States,Neutral,-0.0561,0.9099,0.8369
t00263,2020-07-30,20,Thursday,Twitter website,Global / unstated,Neutral,-0.392,0.5712,0.1608
t00264,2020-07-30,20,Thursday,Phone or tablet app,United States,Negative,-0.5136,0.533,0.0853
t00265,2020-07-30,20,Thursday,Scheduling tool,Global / unstated,Negative,-0.6021,0.6194,0.2562
t00266,2020-07-30,20,Thursday,Phone or tablet app,,Neutral,-0.3429,0.4579,0.0154
t00267,2020-07-30,20,Thursday,Phone or tablet app,,Negative,-0.8409,0.8493,0.707
t00268,2020-07-30,20,Thursday,Phone or tablet app,,Neutral,-0.3035,0.5781,0.2154
t00269,2020-07-30,20,Thursday,Twitter website,,Positive,0.6521,0.7007,0.4499
t00270,2020-07-30,20,Thursday,Twitter website,,Neutral,-0.2576,0.6994,0.4203
t00271,2020-07-30,20,Thursday,Twitter website,United States,Negative,-0.677,0.6967,0.4132
t00272,2020-07-30,20,Thursday,Phone or tablet app,,Negative,-0.7275,0.7701,0.5828
t00273,2020-07-30,20,Thursday,Twitter website,United Kingdom,Neutral,0.2524,0.7256,0.4622
t00274,2020-07-30,20,Thursday,Twitter website,,Neutral,0.2848,0.6463,0.3271
t00275,2020-07-30,20,Thursday,Cross-posted,United States,Neutral,-0.0739,0.8131,0.6828
t00276,2020-07-30,20,Thursday,Twitter website,United States,Positive,0.4837,0.5027,0.0244
t00277,2020-07-30,20,Thursday,Twitter website,United States,Negative,-0.6115,0.6394,0.3066
t00278,2020-07-30,20,Thursday,Twitter website,United States,Neutral,0.1042,0.7918,0.6356
t00279,2020-07-31,17,Friday,Scheduling tool,United States,Neutral,0.1321,0.8529,0.7133
t00280,2020-07-31,17,Friday,TweetDeck,Canada,Negative,-0.897,0.9029,0.8117
t00281,2020-07-31,17,Friday,Phone or tablet app,United States,Negative,-0.7702,0.7783,0.5648
t00282,2020-07-31,17,Friday,Scheduling tool,United States,Negative,-0.844,0.8551,0.7214
t00283,2020-07-31,17,Friday,Twitter website,United States,Negative,-0.8664,0.879,0.7706
t00284,2020-07-31,17,Friday,Twitter website,Canada,Neutral,0.0549,0.8336,0.7229
t00285,2020-07-31,17,Friday,Cross-posted,United States,Neutral,0.0875,0.7115,0.5235
t00286,2020-07-31,17,Friday,Phone or tablet app,,Neutral,0.0881,0.5409,0.2673
t00287,2020-07-31,17,Friday,Phone or tablet app,United Kingdom,Neutral,-0.0126,0.917,0.8691
t00288,2020-07-31,17,Friday,Scheduling tool,,Neutral,0.0927,0.8322,0.7019
t00289,2020-07-31,17,Friday,Other or custom app,,Negative,-0.5776,0.5891,0.1898
t00290,2020-07-31,17,Friday,Twitter website,United States,Neutral,-0.1627,0.7547,0.5507
t00291,2020-07-31,17,Friday,TweetDeck,,Neutral,-0.0606,0.7746,0.6317
t00292,2020-07-31,18,Friday,Other or custom app,Nigeria,Negative,-0.5836,0.5924,0.1936
t00293,2020-07-31,18,Friday,Phone or tablet app,,Negative,-0.9105,0.9183,0.8444
t00294,2020-07-31,18,Friday,Scheduling tool,,Negative,-0.7569,0.766,0.541
t00295,2020-07-31,18,Friday,Phone or tablet app,Canada,Neutral,-0.1478,0.8048,0.6333
t00296,2020-07-31,18,Friday,Twitter website,,Negative,-0.9319,0.9366,0.8779
t00297,2020-07-31,18,Friday,Scheduling tool,United States,Negative,-0.7281,0.7369,0.4826
t00298,2020-07-31,18,Friday,Phone or tablet app,Canada,Neutral,-0.186,0.5401,0.2171
t00299,2020-07-31,18,Friday,Phone or tablet app,,Positive,0.906,0.9219,0.8598
t00300,2020-07-31,18,Friday,Scheduling tool,Canada,Neutral,-0.2519,0.6569,0.3594
t00301,2020-07-31,18,Friday,Twitter website,United Kingdom,Positive,0.8343,0.8561,0.734
t00302,2020-07-31,18,Friday,Phone or tablet app,United States,Positive,0.6654,0.6697,0.3438
t00303,2020-07-31,18,Friday,Phone or tablet app,United States,Negative,-0.6782,0.6856,0.3786
t00304,2020-07-31,18,Friday,Twitter website,United States,Neutral,-0.0409,0.9234,0.8647
t00305,2020-07-31,18,Friday,Twitter website,United States,Neutral,-0.2468,0.5576,0.2129
t00306,2020-07-31,18,Friday,Twitter website,United States,Negative,-0.9356,0.9425,0.8919
t00307,2020-07-31,19,Friday,Scheduling tool,,Neutral,0.3831,0.596,0.2025
t00308,2020-07-31,19,Friday,Scheduling tool,,Neutral,0.309,0.5791,0.2142
t00309,2020-07-31,19,Friday,Twitter website,Canada,Positive,0.98,0.9823,0.9669
t00310,2020-07-31,19,Friday,Scheduling tool,Canada,Neutral,-0.0124,0.9238,0.8795
t00311,2020-07-31,19,Friday,TweetDeck,United States,Neutral,0.3652,0.6036,0.2227
t00312,2020-07-31,19,Friday,Phone or tablet app,United States,Positive,0.6888,0.7038,0.4226
t00313,2020-07-31,19,Friday,Phone or tablet app,United States,Negative,-0.7803,0.7946,0.6035
t00314,2020-07-31,19,Friday,Twitter website,United States,Neutral,0.0818,0.8782,0.7764
t00315,2020-07-31,19,Friday,Twitter website,Pakistan,Positive,0.8997,0.9052,0.8158
t00316,2020-07-31,19,Friday,Twitter website,,Negative,-0.4697,0.4963,0.0193
t00317,2020-07-31,19,Friday,Twitter website,United States,Negative,-0.8102,0.8193,0.6478
t00318,2020-07-31,19,Friday,Scheduling tool,,Neutral,0.0657,0.9203,0.8476
t00319,2020-08-01,15,Saturday,Phone or tablet app,United Kingdom,Negative,-0.8551,0.8643,0.7379
t00320,2020-08-01,15,Saturday,Phone or tablet app,,Neutral,-0.0381,0.9163,0.8554
t00321,2020-08-01,15,Saturday,Phone or tablet app,United States,Neutral,0.0349,0.9215,0.8648
t00322,2020-08-01,16,Saturday,Scheduling tool,United Kingdom,Neutral,-0.137,0.824,0.6675
t00323,2020-08-01,16,Saturday,Phone or tablet app,United States,Neutral,-0.1904,0.6202,0.3351
t00324,2020-08-01,16,Saturday,Phone or tablet app,,Negative,-0.8807,0.8864,0.7784
t00325,2020-08-01,16,Saturday,Phone or tablet app,,Neutral,0.1198,0.8633,0.7351
t00326,2020-08-01,16,Saturday,Twitter website,United States,Negative,-0.7451,0.7531,0.5143
t00327,2020-08-01,16,Saturday,Twitter website,United Kingdom,Negative,-0.5459,0.5726,0.172
t00328,2020-08-01,16,Saturday,Phone or tablet app,Canada,Positive,0.9222,0.9273,0.8598
t00329,2020-08-01,16,Saturday,Twitter website,India,Neutral,-0.1414,0.7874,0.6103
t00330,2020-08-01,16,Saturday,Phone or tablet app,United States,Negative,-0.8829,0.8919,0.7928
t00331,2020-08-01,16,Saturday,Phone or tablet app,,Negative,-0.6436,0.6523,0.3132
t00332,2020-08-01,17,Saturday,Bot or auto-feed,Ireland,Neutral,0.0229,0.9598,0.9283
t00333,2020-08-01,17,Saturday,Phone or tablet app,Canada,Neutral,0.0503,0.8442,0.7411
t00334,2020-08-01,17,Saturday,Phone or tablet app,,Neutral,-0.0335,0.9022,0.8366
t00335,2020-08-01,17,Saturday,Phone or tablet app,,Neutral,-0.0095,0.653,0.4748
t00336,2020-08-01,17,Saturday,Scheduling tool,United States,Neutral,-0.3291,0.6171,0.2611
t00337,2020-08-01,17,Saturday,Phone or tablet app,,Neutral,-0.3783,0.5433,0.1258
t00338,2020-08-01,17,Saturday,Phone or tablet app,,Negative,-0.5232,0.5432,0.1064
t00339,2020-08-01,17,Saturday,Phone or tablet app,United States,Neutral,0.0736,0.9006,0.814
t00340,2020-08-01,17,Saturday,Phone or tablet app,United States,Negative,-0.665,0.6743,0.3579
t00341,2020-08-01,18,Saturday,TweetDeck,United States,Neutral,-0.3479,0.6187,0.2541
t00342,2020-08-01,18,Saturday,Phone or tablet app,,Negative,-0.8962,0.9018,0.8093
t00343,2020-08-01,18,Saturday,Phone or tablet app,United States,Negative,-0.8843,0.8938,0.7971
t00344,2020-08-01,18,Saturday,Phone or tablet app,,Positive,0.7088,0.7122,0.4279
t00345,2020-08-01,18,Saturday,Phone or tablet app,,Negative,-0.795,0.8014,0.6091
t00346,2020-08-01,18,Saturday,Twitter website,United States,Negative,-0.9119,0.9175,0.8405
t00347,2020-08-01,18,Saturday,Twitter website,,Neutral,-0.3055,0.6383,0.3048
t00348,2020-08-01,18,Saturday,Phone or tablet app,United States,Positive,0.5763,0.61,0.2537
t00349,2020-08-01,18,Saturday,Phone or tablet app,United States,Neutral,-0.0221,0.9035,0.8442
t00350,2020-08-01,18,Saturday,Twitter website,United States,Negative,-0.8917,0.9011,0.8116
t00351,2020-08-01,18,Saturday,Twitter website,United States,Negative,-0.497,0.525,0.078
t00352,2020-08-01,19,Saturday,TweetDeck,United States,Neutral,-0.3876,0.5017,0.0587
t00353,2020-08-01,19,Saturday,TweetDeck,,Negative,-0.7899,0.797,0.6011
t00354,2020-08-01,19,Saturday,Scheduling tool,United Kingdom,Neutral,-0.3337,0.6293,0.277
t00355,2020-08-01,19,Saturday,Phone or tablet app,,Positive,0.7734,0.778,0.5605
t00356,2020-08-01,19,Saturday,Phone or tablet app,,Negative,-0.9361,0.9426,0.8918
t00357,2020-08-01,19,Saturday,Twitter website,United States,Negative,-0.5402,0.5518,0.1152
t00358,2020-08-01,19,Saturday,Phone or tablet app,United States,Neutral,0.0952,0.8812,0.7742
t00359,2020-08-02,17,Sunday,Bot or auto-feed,United States,Neutral,-0.1071,0.8549,0.7289
t00360,2020-08-02,17,Sunday,Phone or tablet app,,Neutral,-0.4534,0.5,0.0233
t00361,2020-08-02,17,Sunday,Phone or tablet app,United States,Neutral,-0.1743,0.6712,0.4196
t00362,2020-08-02,17,Sunday,Twitter website,,Negative,-0.6137,0.6339,0.288
t00363,2020-08-02,17,Sunday,Phone or tablet app,,Negative,-0.7106,0.7245,0.4629
t00364,2020-08-02,17,Sunday,Phone or tablet app,United States,Neutral,-0.3181,0.5586,0.1788
t00365,2020-08-02,17,Sunday,Twitter website,United States,Negative,-0.9116,0.9183,0.8433
t00366,2020-08-02,17,Sunday,Phone or tablet app,United Kingdom,Neutral,0.0598,0.9,0.8201
t00367,2020-08-02,18,Sunday,Twitter website,,Negative,-0.8247,0.83,0.6653
t00368,2020-08-02,18,Sunday,Twitter website,,Neutral,-0.2762,0.6654,0.3601
t00369,2020-08-02,18,Sunday,Twitter website,,Neutral,-0.2056,0.7166,0.472
t00370,2020-08-02,18,Sunday,Phone or tablet app,,Neutral,-0.1426,0.82,0.6587
t00371,2020-08-02,18,Sunday,Phone or tablet app,,Neutral,-0.0776,0.8488,0.7345
t00372,2020-08-02,18,Sunday,Twitter website,,Neutral,0.0367,0.9373,0.8875
t00373,2020-08-02,18,Sunday,Phone or tablet app,United Kingdom,Neutral,-0.3716,0.4842,0.0405
t00374,2020-08-02,19,Sunday,Scheduling tool,,Neutral,0.3555,0.5239,0.1082
t00375,2020-08-02,19,Sunday,Scheduling tool,United States,Negative,-0.4963,0.5175,0.0562
t00376,2020-08-02,19,Sunday,Twitter website,United States,Neutral,0.0661,0.8739,0.7778
t00377,2020-08-02,19,Sunday,Scheduling tool,Global / unstated,Neutral,0.0685,0.8815,0.788
t00378,2020-08-02,19,Sunday,Phone or tablet app,United States,Negative,-0.9269,0.9334,0.8732
t00379,2020-08-02,19,Sunday,Phone or tablet app,United States,Negative,-0.9207,0.9266,0.8591
t00380,2020-08-02,19,Sunday,Phone or tablet app,United States,Neutral,-0.3287,0.5673,0.1866
t00381,2020-08-02,20,Sunday,Twitter website,United States,Neutral,0.2331,0.7521,0.5116
t00382,2020-08-02,20,Sunday,Scheduling tool,Global / unstated,Neutral,-0.252,0.6982,0.4213
t00383,2020-08-02,20,Sunday,Phone or tablet app,United Kingdom,Negative,-0.7781,0.7899,0.5915
t00384,2020-08-02,20,Sunday,Phone or tablet app,,Negative,-0.3194,0.4988,0.177
t00385,2020-08-02,20,Sunday,Scheduling tool,,Neutral,0.0781,0.9145,0.8326
t00386,2020-08-02,20,Sunday,Phone or tablet app,,Negative,-0.9448,0.9511,0.9084
t00387,2020-08-02,20,Sunday,Phone or tablet app,,Neutral,0.1228,0.845,0.7061
t00388,2020-08-02,21,Sunday,Phone or tablet app,Nigeria,Neutral,-0.0802,0.8777,0.7764
t00389,2020-08-02,21,Sunday,Phone or tablet app,,Negative,-0.5512,0.6052,0.2645
t00390,2020-08-02,21,Sunday,Twitter website,Ireland,Negative,-0.7041,0.7112,0.4295
t00391,2020-08-02,21,Sunday,Other or custom app,,Neutral,-0.0883,0.8583,0.7433
t00392,2020-08-02,21,Sunday,Phone or tablet app,United States,Negative,-0.4762,0.5164,0.073
t00393,2020-08-02,21,Sunday,Phone or tablet app,Global / unstated,Neutral,-0.0017,0.9574,0.9353
t00394,2020-08-02,21,Sunday,Phone or tablet app,United States,Neutral,0.0726,0.8754,0.7767
t00395,2020-08-02,21,Sunday,Phone or tablet app,,Negative,-0.7392,0.747,0.5018
t00396,2020-08-02,21,Sunday,Scheduling tool,United States,Neutral,0.1126,0.7921,0.6319
t00397,2020-08-02,21,Sunday,Twitter website,,Neutral,-0.2189,0.7394,0.4997
t00398,2020-08-02,21,Sunday,Twitter website,,Neutral,0.0129,0.9289,0.8869
t00399,2020-08-04,3,Tuesday,Phone or tablet app,,Positive,0.4867,0.5175,0.0659
t00400,2020-08-04,3,Tuesday,TweetDeck,United States,Neutral,-0.0154,0.917,0.8678
t00401,2020-08-04,3,Tuesday,Phone or tablet app,,Neutral,0.1615,0.8302,0.6645
t00402,2020-08-04,4,Tuesday,Twitter website,India,Neutral,0.0575,0.9173,0.8472
t00403,2020-08-04,4,Tuesday,Twitter website,India,Negative,-0.6323,0.6429,0.2963
t00404,2020-08-04,4,Tuesday,Phone or tablet app,United States,Neutral,-0.0824,0.7272,0.5496
t00405,2020-08-04,4,Tuesday,Scheduling tool,Australia,Positive,0.5179,0.5229,0.0508
t00406,2020-08-04,4,Tuesday,Phone or tablet app,United States,Neutral,-0.4186,0.5358,0.0943
t00407,2020-08-04,4,Tuesday,TweetDeck,,Neutral,-0.1194,0.778,0.6073
t00408,2020-08-04,4,Tuesday,Twitter website,,Negative,-0.8863,0.8968,0.804
t00409,2020-08-04,4,Tuesday,Phone or tablet app,,Neutral,-0.2468,0.6972,0.4225
t00410,2020-08-04,4,Tuesday,Scheduling tool,,Neutral,0.3233,0.6623,0.3318
t00411,2020-08-04,4,Tuesday,Phone or tablet app,,Neutral,0.1101,0.8693,0.7489
t00412,2020-08-04,5,Tuesday,TweetDeck,,Negative,-0.6483,0.6649,0.3464
t00413,2020-08-04,5,Tuesday,Twitter website,Australia,Neutral,-0.0316,0.9288,0.8773
t00414,2020-08-04,5,Tuesday,Twitter website,,Negative,-0.5184,0.5373,0.0934
t00415,2020-08-04,5,Tuesday,Other or custom app,,Neutral,-0.084,0.8836,0.7833
t00416,2020-08-04,6,Tuesday,Phone or tablet app,United Kingdom,Negative,-0.8267,0.8359,0.681
t00417,2020-08-04,6,Tuesday,Phone or tablet app,,Neutral,-0.0572,0.7492,0.5952
t00418,2020-08-04,6,Tuesday,Twitter website,India,Neutral,-0.0463,0.9107,0.8429
t00419,2020-08-04,6,Tuesday,Phone or tablet app,United Kingdom,Neutral,0.4375,0.5428,0.0954
t00420,2020-08-04,6,Tuesday,Phone or tablet app,Global / unstated,Negative,-0.4851,0.4975,0.0075
t00421,2020-08-04,6,Tuesday,Phone or tablet app,Global / unstated,Neutral,-0.1375,0.7568,0.5664
t00422,2020-08-04,6,Tuesday,Phone or tablet app,Canada,Neutral,-0.3448,0.5893,0.2115
t00423,2020-08-04,6,Tuesday,TweetDeck,,Neutral,-0.1734,0.7806,0.5842
t00424,2020-08-04,7,Tuesday,Phone or tablet app,United Kingdom,Neutral,-0.4466,0.5167,0.0518
t00425,2020-08-04,7,Tuesday,Bot or auto-feed,,Neutral,-0.0769,0.8849,0.7889
t00426,2020-08-04,7,Tuesday,Phone or tablet app,,Negative,-0.6296,0.6416,0.2953
t00427,2020-08-04,7,Tuesday,Twitter website,,Neutral,-0.0948,0.7076,0.514
t00428,2020-08-04,7,Tuesday,TweetDeck,United Kingdom,Neutral,-0.4029,0.5711,0.1552
t00429,2020-08-04,7,Tuesday,Phone or tablet app,,Positive,0.9601,0.9659,0.9375
t00430,2020-08-04,7,Tuesday,Phone or tablet app,India,Neutral,-0.4387,0.5133,0.0506
t00431,2020-08-04,7,Tuesday,Scheduling tool,,Negative,-0.7458,0.7641,0.5466
t00432,2020-08-04,7,Tuesday,Twitter website,United States,Neutral,0.1901,0.7863,0.5844
t00433,2020-08-04,7,Tuesday,Phone or tablet app,Nigeria,Neutral,0.0662,0.912,0.8348
t00434,2020-08-04,7,Tuesday,Phone or tablet app,,Negative,-0.8463,0.8512,0.7073
t00435,2020-08-04,7,Tuesday,Phone or tablet app,South Africa,Neutral,0.2184,0.4942,0.1321
t00436,2020-08-04,7,Tuesday,Phone or tablet app,United Kingdom,Positive,0.9059,0.9105,0.8257
t00437,2020-08-04,7,Tuesday,Twitter website,United Kingdom,Positive,0.8231,0.8291,0.6642
t00438,2020-08-04,7,Tuesday,Phone or tablet app,United Kingdom,Negative,-0.8911,0.9018,0.8143
t00439,2020-08-06,14,Thursday,Phone or tablet app,,Positive,0.6699,0.7157,0.4771
t00440,2020-08-06,14,Thursday,Twitter website,United States,Neutral,0.309,0.6046,0.2524
t00441,2020-08-06,14,Thursday,Twitter website,Global / unstated,Neutral,0.2707,0.7017,0.4171
t00442,2020-08-06,15,Thursday,Twitter website,United Kingdom,Neutral,0.0018,0.934,0.9001
t00443,2020-08-06,15,Thursday,Scheduling tool,United States,Neutral,-0.2717,0.6809,0.3855
t00444,2020-08-06,15,Thursday,Phone or tablet app,,Negative,-0.8452,0.8539,0.7166
t00445,2020-08-06,15,Thursday,Other or custom app,Global / unstated,Neutral,-0.1384,0.8236,0.6661
t00446,2020-08-06,15,Thursday,Scheduling tool,Canada,Neutral,0.1317,0.8536,0.7145
t00447,2020-08-06,15,Thursday,Twitter website,United States,Positive,0.4732,0.5069,0.0476
t00448,2020-08-06,15,Thursday,Scheduling tool,,Neutral,-0.0057,0.9323,0.8957
t00449,2020-08-06,15,Thursday,Twitter website,India,Neutral,0.0084,0.8894,0.8299
t00450,2020-08-06,15,Thursday,TweetDeck,,Neutral,0.0954,0.8666,0.7522
t00451,2020-08-06,15,Thursday,Twitter website,,Neutral,0.0128,0.9286,0.8865
t00452,2020-08-06,15,Thursday,Phone or tablet app,United Kingdom,Negative,-0.8543,0.8639,0.7375
t00453,2020-08-06,15,Thursday,Scheduling tool,United States,Neutral,0.1595,0.8233,0.6552
t00454,2020-08-06,15,Thursday,Scheduling tool,United States,Positive,0.639,0.6519,0.3167
t00455,2020-08-06,15,Thursday,Phone or tablet app,United States,Negative,-0.4005,0.5513,0.2534
t00456,2020-08-06,15,Thursday,Phone or tablet app,United States,Positive,0.9815,0.9832,0.9681
t00457,2020-08-06,15,Thursday,Phone or tablet app,United States,Neutral,-0.0778,0.8684,0.7637
t00458,2020-08-06,15,Thursday,Twitter website,United States,Neutral,0.1188,0.7864,0.6202
t00459,2020-08-06,15,Thursday,Phone or tablet app,South Africa,Neutral,0.1097,0.8687,0.7482
t00460,2020-08-06,15,Thursday,Twitter website,,Negative,-0.7702,0.7809,0.5726
t00461,2020-08-06,15,Thursday,Phone or tablet app,United States,Neutral,0.4644,0.515,0.0403
t00462,2020-08-06,15,Thursday,Phone or tablet app,United States,Negative,-0.916,0.9232,0.8537
t00463,2020-08-06,15,Thursday,Twitter website,United States,Neutral,-0.0681,0.8733,0.7759
t00464,2020-08-06,15,Thursday,Twitter website,United States,Neutral,0.2573,0.7381,0.4786
t00465,2020-08-06,15,Thursday,Scheduling tool,United States,Neutral,0.1715,0.8203,0.6446
t00466,2020-08-06,16,Thursday,Phone or tablet app,,Negative,-0.6938,0.7204,0.4674
t00467,2020-08-06,16,Thursday,Scheduling tool,Canada,Neutral,0.0337,0.9521,0.9113
t00468,2020-08-06,16,Thursday,Phone or tablet app,United States,Neutral,0.0144,0.9274,0.8839
t00469,2020-08-06,16,Thursday,Twitter website,,Neutral,0.2441,0.5761,0.2421
t00470,2020-08-06,16,Thursday,Scheduling tool,Global / unstated,Positive,0.5812,0.5858,0.1762
t00471,2020-08-06,16,Thursday,Twitter website,,Neutral,0.0326,0.9415,0.8959
t00472,2020-08-06,16,Thursday,Twitter website,,Positive,0.897,0.9097,0.8321
t00473,2020-08-06,16,Thursday,Scheduling tool,,Positive,0.5341,0.5404,0.0871
t00474,2020-08-06,16,Thursday,Phone or tablet app,,Neutral,-0.0103,0.7527,0.6239
t00475,2020-08-06,16,Thursday,Phone or tablet app,,Neutral,0.1282,0.8618,0.7286
t00476,2020-08-06,16,Thursday,Phone or tablet app,United States,Neutral,0.2485,0.7295,0.4699
t00477,2020-08-06,16,Thursday,Twitter website,,Negative,-0.8048,0.8143,0.638
t00478,2020-08-06,16,Thursday,Twitter website,United States,Negative,-0.9286,0.935,0.8764
t00479,2020-08-07,12,Friday,Phone or tablet app,Nigeria,Neutral,0.015,0.9396,0.9019
t00480,2020-08-07,12,Friday,Twitter website,India,Neutral,0.0886,0.895,0.7981
t00481,2020-08-07,12,Friday,Twitter website,Canada,Neutral,-0.1103,0.7995,0.6441
t00482,2020-08-07,12,Friday,Phone or tablet app,,Negative,-0.5795,0.6173,0.2723
t00483,2020-08-07,12,Friday,TweetDeck,India,Neutral,-0.3628,0.5982,0.2159
t00484,2020-08-07,12,Friday,Phone or tablet app,United States,Neutral,0.1601,0.577,0.2854
t00485,2020-08-07,12,Friday,Phone or tablet app,United States,Neutral,0.2216,0.7574,0.5254
t00486,2020-08-07,12,Friday,Phone or tablet app,United Kingdom,Negative,-0.4894,0.5089,0.0373
t00487,2020-08-07,12,Friday,Twitter website,,Positive,0.9753,0.9777,0.9578
t00488,2020-08-07,12,Friday,Scheduling tool,,Neutral,0.0943,0.8002,0.6532
t00489,2020-08-07,12,Friday,Phone or tablet app,,Negative,-0.7506,0.7619,0.5351
t00490,2020-08-07,12,Friday,Twitter website,,Positive,0.6832,0.6877,0.38
t00491,2020-08-07,12,Friday,Phone or tablet app,,Neutral,-0.0171,0.9105,0.8572
t00492,2020-08-07,13,Friday,TweetDeck,,Neutral,0.2755,0.7137,0.4327
t00493,2020-08-07,13,Friday,Scheduling tool,United States,Neutral,0.093,0.7348,0.5557
t00494,2020-08-07,13,Friday,Cross-posted,,Neutral,0.2806,0.689,0.3932
t00495,2020-08-07,13,Friday,Twitter website,,Negative,-0.7218,0.7444,0.5114
t00496,2020-08-07,13,Friday,Scheduling tool,United States,Neutral,0.2093,0.6507,0.3714
t00497,2020-08-07,13,Friday,Scheduling tool,,Positive,0.544,0.5581,0.1303
t00498,2020-08-07,13,Friday,Scheduling tool,Canada,Neutral,0.189,0.8022,0.6088
t00499,2020-08-07,13,Friday,Scheduling tool,Global / unstated,Neutral,-0.024,0.8618,0.7806
t00500,2020-08-07,13,Friday,Scheduling tool,United States,Neutral,0.3279,0.6658,0.3347
t00501,2020-08-07,13,Friday,Twitter website,South Africa,Neutral,0.2971,0.6031,0.2561
t00502,2020-08-07,13,Friday,Scheduling tool,United States,Neutral,-0.3157,0.5864,0.2217
t00503,2020-08-07,13,Friday,Phone or tablet app,United States,Positive,0.6593,0.6653,0.3366
t00504,2020-08-07,13,Friday,Phone or tablet app,United States,Neutral,0.0454,0.884,0.8033
t00505,2020-08-07,13,Friday,Twitter website,India,Positive,0.8886,0.892,0.7873
t00506,2020-08-07,13,Friday,Phone or tablet app,United States,Negative,-0.5115,0.6063,0.3074
t00507,2020-08-07,13,Friday,Twitter website,,Positive,0.4935,0.5049,0.0213
t00508,2020-08-07,13,Friday,Scheduling tool,United States,Positive,0.7222,0.728,0.4618
t00509,2020-08-07,13,Friday,Twitter website,United States,Neutral,-0.0701,0.8637,0.7605
t00510,2020-08-07,13,Friday,Phone or tablet app,,Neutral,-0.1364,0.7405,0.5425
t00511,2020-08-07,13,Friday,Phone or tablet app,India,Neutral,0.3139,0.5393,0.152
t00512,2020-08-07,13,Friday,Scheduling tool,Global / unstated,Negative,-0.753,0.7658,0.5445
t00513,2020-08-07,13,Friday,Phone or tablet app,Ireland,Negative,-0.614,0.6506,0.3378
t00514,2020-08-07,13,Friday,Phone or tablet app,,Neutral,-0.1209,0.8331,0.6892
t00515,2020-08-07,13,Friday,Phone or tablet app,,Negative,-0.7075,0.7237,0.4635
t00516,2020-08-07,13,Friday,Phone or tablet app,,Negative,-0.8944,0.9024,0.8128
t00517,2020-08-07,13,Friday,Twitter website,United States,Neutral,0.066,0.8974,0.8131
t00518,2020-08-07,13,Friday,Scheduling tool,,Positive,0.9813,0.9825,0.9662
t00519,2020-08-08,10,Saturday,Scheduling tool,United States,Neutral,-0.3588,0.5932,0.2103
t00520,2020-08-08,10,Saturday,Cross-posted,,Neutral,0.2536,0.7058,0.4319
t00521,2020-08-08,10,Saturday,Phone or tablet app,Pakistan,Neutral,0.0231,0.9485,0.9112
t00522,2020-08-08,11,Saturday,Twitter website,,Neutral,-0.1937,0.7415,0.5154
t00523,2020-08-08,11,Saturday,Twitter website,Global / unstated,Neutral,-0.0367,0.9111,0.8483
t00524,2020-08-08,11,Saturday,Twitter website,,Neutral,0.0945,0.8747,0.7648
t00525,2020-08-08,11,Saturday,Phone or tablet app,,Negative,-0.7394,0.7502,0.5113
t00526,2020-08-08,11,Saturday,Phone or tablet app,United Kingdom,Neutral,0.049,0.748,0.5975
t00527,2020-08-08,11,Saturday,Phone or tablet app,,Neutral,0.1364,0.8366,0.6868
t00528,2020-08-08,11,Saturday,Twitter website,,Negative,-0.7505,0.7635,0.54
t00529,2020-08-08,11,Saturday,Twitter website,United States,Negative,-0.4989,0.5229,0.0698
t00530,2020-08-08,11,Saturday,Scheduling tool,,Positive,0.907,0.9138,0.8344
t00531,2020-08-08,12,Saturday,Twitter website,Nigeria,Positive,0.6346,0.6546,0.3292
t00532,2020-08-08,12,Saturday,Phone or tablet app,,Neutral,-0.3575,0.6151,0.2439
t00533,2020-08-08,12,Saturday,Phone or tablet app,,Neutral,-0.3617,0.6081,0.2313
t00534,2020-08-08,12,Saturday,Phone or tablet app,,Neutral,-0.2612,0.7075,0.4306
t00535,2020-08-08,12,Saturday,Twitter website,United States,Negative,-0.7858,0.8036,0.6249
t00536,2020-08-08,12,Saturday,Phone or tablet app,United States,Negative,-0.5777,0.6049,0.2371
t00537,2020-08-08,13,Saturday,Phone or tablet app,United States,Positive,0.5711,0.5921,0.2051
t00538,2020-08-08,13,Saturday,Phone or tablet app,India,Neutral,0.0198,0.913,0.8595
t00539,2020-08-08,13,Saturday,Phone or tablet app,,Neutral,-0.0337,0.9241,0.8693
t00540,2020-08-08,13,Saturday,Phone or tablet app,,Neutral,-0.0312,0.8536,0.7648
t00541,2020-08-08,13,Saturday,TweetDeck,India,Negative,-0.8657,0.8753,0.7601
t00542,2020-08-08,13,Saturday,Twitter website,United States,Neutral,0.1153,0.8701,0.7476
t00543,2020-08-08,13,Saturday,Twitter website,,Neutral,0.0896,0.8796,0.7745
t00544,2020-08-08,13,Saturday,Phone or tablet app,,Neutral,0.2465,0.6553,0.3597
t00545,2020-08-08,13,Saturday,Twitter website,United States,Neutral,-0.3296,0.6309,0.2815
t00546,2020-08-08,13,Saturday,Phone or tablet app,United States,Neutral,0.3963,0.547,0.1224
t00547,2020-08-08,14,Saturday,Phone or tablet app,,Neutral,0.3948,0.5927,0.1916
t00548,2020-08-08,14,Saturday,Phone or tablet app,,Positive,0.9882,0.9904,0.983
t00549,2020-08-08,14,Saturday,Scheduling tool,,Neutral,0.084,0.7752,0.6207
t00550,2020-08-08,14,Saturday,Twitter website,,Neutral,-0.043,0.8611,0.7702
t00551,2020-08-08,14,Saturday,Twitter website,Australia,Negative,-0.6443,0.6641,0.348
t00552,2020-08-08,14,Saturday,TweetDeck,Global / unstated,Positive,0.9323,0.9352,0.8734
t00553,2020-08-08,14,Saturday,Phone or tablet app,India,Neutral,-0.2951,0.6603,0.3429
t00554,2020-08-08,14,Saturday,Scheduling tool,,Neutral,0.2816,0.7034,0.4143
t00555,2020-08-08,14,Saturday,Phone or tablet app,United States,Neutral,-0.0537,0.7719,0.631
t00556,2020-08-08,14,Saturday,Scheduling tool,United States,Neutral,0.3074,0.6734,0.3564
t00557,2020-08-08,14,Saturday,Phone or tablet app,,Negative,-0.5235,0.5382,0.0911
t00558,2020-08-08,14,Saturday,Twitter website,United States,Neutral,-0.0333,0.8455,0.7515
t00559,2020-08-09,3,Sunday,Other or custom app,Global / unstated,Neutral,-0.1785,0.7564,0.5454
t00560,2020-08-09,3,Sunday,Twitter website,,Neutral,-0.2887,0.6641,0.3519
t00561,2020-08-09,3,Sunday,Phone or tablet app,,Neutral,-0.2301,0.6125,0.3037
t00562,2020-08-09,4,Sunday,Phone or tablet app,Canada,Positive,0.862,0.8749,0.7627
t00563,2020-08-09,4,Sunday,Phone or tablet app,India,Negative,-0.4743,0.5005,0.0273
t00564,2020-08-09,4,Sunday,Phone or tablet app,,Negative,-0.7661,0.781,0.5768
t00565,2020-08-09,4,Sunday,Twitter website,,Neutral,-0.3464,0.5851,0.2045
t00566,2020-08-09,4,Sunday,Phone or tablet app,India,Negative,-0.8437,0.8547,0.7205
t00567,2020-08-09,4,Sunday,Scheduling tool,India,Neutral,-0.094,0.846,0.7221
t00568,2020-08-09,4,Sunday,Phone or tablet app,India,Negative,-0.8309,0.8407,0.6911
t00569,2020-08-09,4,Sunday,Phone or tablet app,India,Negative,-0.9152,0.9202,0.8454
t00570,2020-08-09,4,Sunday,Twitter website,,Neutral,-0.0141,0.8887,0.8261
t00571,2020-08-09,5,Sunday,Phone or tablet app,,Neutral,0.005,0.888,0.8295
t00572,2020-08-09,5,Sunday,Phone or tablet app,,Negative,-0.6571,0.6706,0.3548
t00573,2020-08-09,6,Sunday,Phone or tablet app,United Kingdom,Negative,-0.6821,0.6985,0.4133
t00574,2020-08-09,6,Sunday,Phone or tablet app,India,Neutral,-0.1151,0.8387,0.7006
t00575,2020-08-09,6,Sunday,Twitter website,Canada,Neutral,-0.3997,0.5249,0.0875
t00576,2020-08-09,6,Sunday,Phone or tablet app,India,Neutral,0.0536,0.9215,0.8555
t00577,2020-08-09,7,Sunday,Phone or tablet app,Australia,Negative,-0.8519,0.8651,0.7433
t00578,2020-08-09,7,Sunday,Twitter website,,Neutral,-0.4069,0.4921,0.0347
t00579,2020-08-09,7,Sunday,Twitter website,United Kingdom,Neutral,-0.0603,0.8565,0.7546
t00580,2020-08-09,7,Sunday,Phone or tablet app,,Negative,-0.7511,0.7601,0.5291
t00581,2020-08-09,7,Sunday,Twitter website,,Neutral,0.0423,0.8959,0.8227
t00582,2020-08-09,7,Sunday,Phone or tablet app,,Negative,-0.7,0.7223,0.467
t00583,2020-08-09,8,Sunday,Phone or tablet app,,Neutral,0.1049,0.8389,0.706
t00584,2020-08-09,8,Sunday,Phone or tablet app,,Positive,0.5461,0.5689,0.1605
t00585,2020-08-09,8,Sunday,Phone or tablet app,India,Neutral,0.0872,0.8698,0.7611
t00586,2020-08-09,8,Sunday,Twitter website,,Neutral,-0.4293,0.5044,0.042
t00587,2020-08-09,8,Sunday,Phone or tablet app,,Negative,-0.8406,0.8493,0.7073
t00588,2020-08-09,8,Sunday,Twitter website,India,Neutral,0.0496,0.8886,0.808
t00589,2020-08-09,8,Sunday,Phone or tablet app,,Negative,-0.561,0.6101,0.2692
t00590,2020-08-09,8,Sunday,Phone or tablet app,,Neutral,-0.4187,0.5275,0.0819
t00591,2020-08-09,8,Sunday,Twitter website,,Negative,-0.5779,0.5881,0.1865
t00592,2020-08-09,8,Sunday,Phone or tablet app,India,Neutral,0.0395,0.9353,0.8832
t00593,2020-08-09,9,Sunday,Scheduling tool,United Kingdom,Neutral,0.0572,0.8192,0.7002
t00594,2020-08-09,9,Sunday,Phone or tablet app,,Neutral,0.0379,0.8783,0.7985
t00595,2020-08-09,9,Sunday,Phone or tablet app,India,Neutral,-0.1206,0.77,0.5947
t00596,2020-08-09,9,Sunday,Phone or tablet app,,Neutral,-0.3618,0.6078,0.2307
t00597,2020-08-09,9,Sunday,Phone or tablet app,Nigeria,Positive,0.9512,0.9565,0.9183
t00598,2020-08-10,15,Monday,Twitter website,United Kingdom,Neutral,-0.1921,0.6474,0.375
t00599,2020-08-10,15,Monday,Cross-posted,United States,Positive,0.777,0.7979,0.6166
t00600,2020-08-10,15,Monday,Twitter website,India,Neutral,0.1324,0.7415,0.5461
t00601,2020-08-10,15,Monday,Phone or tablet app,,Positive,0.8005,0.847,0.7405
t00602,2020-08-10,15,Monday,Phone or tablet app,,Positive,0.9786,0.9815,0.9659
t00603,2020-08-10,15,Monday,Twitter website,,Positive,0.7975,0.8042,0.6151
t00604,2020-08-10,15,Monday,Twitter website,Nigeria,Neutral,-0.0804,0.8197,0.6894
t00605,2020-08-10,15,Monday,Twitter website,,Neutral,-0.2106,0.6139,0.3155
t00606,2020-08-10,15,Monday,Twitter website,,Negative,-0.7413,0.7482,0.5034
t00607,2020-08-10,15,Monday,Phone or tablet app,United States,Neutral,-0.2697,0.6547,0.3472
t00608,2020-08-10,15,Monday,Twitter website,Global / unstated,Neutral,0.1601,0.8277,0.6616
t00609,2020-08-10,15,Monday,Twitter website,,Neutral,0.0605,0.8959,0.8136
t00610,2020-08-10,15,Monday,Phone or tablet app,,Negative,-0.6353,0.706,0.4826
t00611,2020-08-10,15,Monday,Phone or tablet app,United States,Neutral,0.1031,0.6697,0.4529
t00612,2020-08-10,15,Monday,Twitter website,United States,Positive,0.9669,0.969,0.9401
t00613,2020-08-10,15,Monday,Phone or tablet app,United States,Neutral,-0.4524,0.4888,0.007
t00614,2020-08-10,15,Monday,Scheduling tool,United States,Neutral,-0.0961,0.6717,0.4595
t00615,2020-08-10,15,Monday,Twitter website,United States,Neutral,0.0332,0.8819,0.8062
t00616,2020-08-10,15,Monday,Twitter website,United States,Neutral,0.019,0.8728,0.7997
t00617,2020-08-10,15,Monday,Phone or tablet app,,Neutral,0.3617,0.6231,0.2538
t00618,2020-08-10,15,Monday,Twitter website,United Kingdom,Neutral,0.0514,0.9356,0.8777
t00619,2020-08-10,15,Monday,Phone or tablet app,,Negative,-0.8846,0.8924,0.7926
t00620,2020-08-10,16,Monday,Scheduling tool,United Kingdom,Neutral,0.0747,0.7519,0.5905
t00621,2020-08-10,16,Monday,Scheduling tool,,Neutral,-0.4651,0.5041,0.0237
t00622,2020-08-10,16,Monday,Scheduling tool,,Neutral,0.441,0.4816,0.0019
t00623,2020-08-10,16,Monday,Scheduling tool,Global / unstated,Negative,-0.8577,0.8645,0.7358
t00624,2020-08-10,16,Monday,Twitter website,United States,Negative,-0.7273,0.7478,0.5162
t00625,2020-08-10,16,Monday,Twitter website,,Positive,0.5693,0.5856,0.1876
t00626,2020-08-10,16,Monday,Phone or tablet app,United States,Neutral,0.1926,0.7182,0.4811
t00627,2020-08-10,16,Monday,Phone or tablet app,United States,Negative,-0.54,0.5874,0.2221
t00628,2020-08-10,16,Monday,Twitter website,,Positive,0.8896,0.8942,0.793
t00629,2020-08-10,16,Monday,Twitter website,United States,Negative,-0.6822,0.7008,0.4203
t00630,2020-08-10,16,Monday,Twitter website,United Kingdom,Neutral,0.0655,0.9184,0.8448
t00631,2020-08-10,16,Monday,Twitter website,United States,Neutral,0.054,0.9216,0.8554
t00632,2020-08-10,16,Monday,Phone or tablet app,Canada,Neutral,-0.0278,0.9014,0.8382
t00633,2020-08-10,16,Monday,Twitter website,Canada,Negative,-0.9197,0.927,0.8613
t00634,2020-08-10,16,Monday,Scheduling tool,United States,Negative,-0.6874,0.7072,0.4341
t00635,2020-08-10,16,Monday,Scheduling tool,Canada,Neutral,-0.0668,0.866,0.7656
t00636,2020-08-10,16,Monday,Twitter website,Global / unstated,Neutral,0.0592,0.9297,0.8649
t00637,2020-08-10,16,Monday,Twitter website,United States,Negative,-0.594,0.6042,0.2186
t00638,2020-08-11,6,Tuesday,Phone or tablet app,,Positive,0.8859,0.8928,0.7924
t00639,2020-08-11,6,Tuesday,Scheduling tool,India,Neutral,-0.0504,0.9144,0.8464
t00640,2020-08-11,6,Tuesday,Phone or tablet app,United Kingdom,Negative,-0.4979,0.5218,0.0676
t00641,2020-08-11,7,Tuesday,Phone or tablet app,,Neutral,0.0164,0.8876,0.8232
t00642,2020-08-11,7,Tuesday,Phone or tablet app,,Negative,-0.8527,0.8587,0.7235
t00643,2020-08-11,7,Tuesday,Scheduling tool,Nigeria,Neutral,0.2606,0.6734,0.3799
t00644,2020-08-11,7,Tuesday,Unknown,,Neutral,0.0461,0.8701,0.7821
t00645,2020-08-11,7,Tuesday,Twitter website,,Neutral,-0.4022,0.57,0.1539
t00646,2020-08-11,7,Tuesday,Twitter website,,Negative,-0.5045,0.518,0.0494
t00647,2020-08-11,7,Tuesday,Phone or tablet app,India,Positive,0.9639,0.9662,0.9347
t00648,2020-08-11,8,Tuesday,Scheduling tool,,Neutral,0.241,0.7502,0.5047
t00649,2020-08-11,8,Tuesday,Cross-posted,Pakistan,Positive,0.8103,0.8132,0.6292
t00650,2020-08-11,8,Tuesday,Scheduling tool,United States,Neutral,0.1287,0.8591,0.7243
t00651,2020-08-11,8,Tuesday,TweetDeck,,Neutral,-0.4352,0.5206,0.0633
t00652,2020-08-11,8,Tuesday,TweetDeck,,Neutral,-0.393,0.5663,0.1529
t00653,2020-08-11,8,Tuesday,Twitter website,,Neutral,0.0751,0.9022,0.8157
t00654,2020-08-11,8,Tuesday,Twitter website,United Kingdom,Neutral,0.0114,0.93,0.8894
t00655,2020-08-11,8,Tuesday,Phone or tablet app,United Kingdom,Neutral,-0.0326,0.8102,0.6991
t00656,2020-08-11,9,Tuesday,TweetDeck,United States,Neutral,0.0288,0.9188,0.8638
t00657,2020-08-11,9,Tuesday,Phone or tablet app,United Kingdom,Neutral,0.194,0.7674,0.554
t00658,2020-08-11,9,Tuesday,Phone or tablet app,United Kingdom,Neutral,-0.0459,0.8636,0.7725
t00659,2020-08-11,9,Tuesday,Scheduling tool,,Negative,-0.6509,0.6637,0.3403
t00660,2020-08-11,9,Tuesday,TweetDeck,Kenya,Neutral,-0.3143,0.6573,0.3288
t00661,2020-08-11,9,Tuesday,Phone or tablet app,United Kingdom,Neutral,-0.1243,0.7891,0.6215
t00662,2020-08-11,9,Tuesday,Twitter website,,Positive,0.7071,0.7115,0.4274
t00663,2020-08-11,9,Tuesday,Phone or tablet app,South Africa,Neutral,0.3067,0.6801,0.3668
t00664,2020-08-11,9,Tuesday,Twitter website,United Kingdom,Negative,-0.9117,0.9193,0.8463
t00665,2020-08-11,9,Tuesday,TweetDeck,India,Neutral,0.0559,0.9144,0.8436
t00666,2020-08-11,9,Tuesday,Twitter website,,Negative,-0.4419,0.4891,0.0254
t00667,2020-08-11,10,Tuesday,Scheduling tool,,Neutral,-0.1574,0.7702,0.5767
t00668,2020-08-11,10,Tuesday,Phone or tablet app,Australia,Neutral,0.063,0.6274,0.4096
t00669,2020-08-11,10,Tuesday,Phone or tablet app,,Positive,0.7922,0.8044,0.6209
t00670,2020-08-11,10,Tuesday,TweetDeck,,Neutral,-0.2969,0.648,0.3235
t00671,2020-08-11,10,Tuesday,Twitter website,India,Neutral,0.071,0.7836,0.6398
t00672,2020-08-11,10,Tuesday,Phone or tablet app,United Kingdom,Negative,-0.6123,0.6292,0.2753
t00673,2020-08-11,10,Tuesday,Scheduling tool,South Africa,Neutral,-0.0202,0.6936,0.5303
t00674,2020-08-11,10,Tuesday,Twitter website,India,Positive,0.9044,0.9082,0.8201
t00675,2020-08-11,10,Tuesday,Twitter website,India,Neutral,0.1544,0.8289,0.6661
t00676,2020-08-11,10,Tuesday,Twitter website,Canada,Neutral,-0.4561,0.4897,0.0064
t00677,2020-08-11,10,Tuesday,Bot or auto-feed,,Negative,-0.7386,0.7489,0.5082
t00678,2020-08-12,5,Wednesday,Twitter website,India,Neutral,-0.4465,0.5281,0.069
t00679,2020-08-12,5,Wednesday,Twitter website,United States,Neutral,0.2688,0.7223,0.4491
t00680,2020-08-12,5,Wednesday,Twitter website,India,Neutral,-0.0678,0.8368,0.7213
t00681,2020-08-12,6,Wednesday,Phone or tablet app,India,Negative,-0.8063,0.8245,0.6671
t00682,2020-08-12,6,Wednesday,Twitter website,United States,Neutral,0.1361,0.8475,0.7031
t00683,2020-08-12,6,Wednesday,Twitter website,India,Neutral,0.3699,0.6195,0.2443
t00684,2020-08-12,6,Wednesday,Twitter website,,Neutral,-0.2705,0.6791,0.3834
t00685,2020-08-12,6,Wednesday,Phone or tablet app,India,Neutral,0.0529,0.9354,0.8767
t00686,2020-08-12,6,Wednesday,Other or custom app,India,Neutral,0.0769,0.8842,0.7878
t00687,2020-08-12,6,Wednesday,Phone or tablet app,,Neutral,-0.2867,0.6275,0.2979
t00688,2020-08-12,6,Wednesday,Twitter website,,Neutral,-0.118,0.7824,0.6146
t00689,2020-08-12,6,Wednesday,Phone or tablet app,,Neutral,0.4418,0.5514,0.1061
t00690,2020-08-12,6,Wednesday,TweetDeck,,Negative,-0.5045,0.5257,0.0725
t00691,2020-08-12,7,Wednesday,Bot or auto-feed,,Neutral,-0.3447,0.5691,0.1812
t00692,2020-08-12,7,Wednesday,Twitter website,,Neutral,0.0359,0.9379,0.8888
t00693,2020-08-12,7,Wednesday,Twitter website,Australia,Positive,0.5792,0.5855,0.1772
t00694,2020-08-12,7,Wednesday,Phone or tablet app,,Negative,-0.893,0.9025,0.8146
t00695,2020-08-12,7,Wednesday,Phone or tablet app,United Kingdom,Neutral,-0.4512,0.4977,0.0209
t00696,2020-08-12,8,Wednesday,Scheduling tool,Australia,Neutral,0.2024,0.7862,0.578
t00697,2020-08-12,8,Wednesday,Other or custom app,,Negative,-0.9286,0.9347,0.8755
t00698,2020-08-12,8,Wednesday,Phone or tablet app,United Kingdom,Negative,-0.5684,0.5808,0.174
t00699,2020-08-12,8,Wednesday,Phone or tablet app,India,Neutral,0.3317,0.5623,0.1776
t00700,2020-08-12,8,Wednesday,Twitter website,,Neutral,0.0237,0.9395,0.8975
t00701,2020-08-12,8,Wednesday,Phone or tablet app,,Negative,-0.6524,0.6786,0.3833
t00702,2020-08-12,8,Wednesday,Twitter website,,Negative,-0.6412,0.659,0.3358
t00703,2020-08-12,8,Wednesday,Phone or tablet app,United States,Negative,-0.6751,0.6861,0.3831
t00704,2020-08-12,8,Wednesday,Phone or tablet app,,Positive,0.8063,0.8128,0.6322
t00705,2020-08-12,8,Wednesday,Twitter website,United Kingdom,Neutral,0.1067,0.8429,0.7109
t00706,2020-08-12,9,Wednesday,Phone or tablet app,,Neutral,-0.1496,0.6668,0.4254
t00707,2020-08-12,9,Wednesday,Twitter website,United States,Neutral,-0.3087,0.5779,0.2125
t00708,2020-08-12,9,Wednesday,Twitter website,,Negative,-0.5536,0.576,0.1744
t00709,2020-08-12,9,Wednesday,Phone or tablet app,,Neutral,0.0825,0.9061,0.8179
t00710,2020-08-12,9,Wednesday,Twitter website,Ireland,Negative,-0.7519,0.7653,0.5439
t00711,2020-08-12,9,Wednesday,Other or custom app,India,Negative,-0.6213,0.6303,0.2696
t00712,2020-08-12,9,Wednesday,Twitter website,,Negative,-0.8631,0.8721,0.7532
t00713,2020-08-12,9,Wednesday,Twitter website,,Positive,0.9573,0.9593,0.9206
t00714,2020-08-12,9,Wednesday,Scheduling tool,United Kingdom,Neutral,-0.255,0.6317,0.32
t00715,2020-08-12,9,Wednesday,Twitter website,United States,Negative,-0.8371,0.8492,0.7106
t00716,2020-08-12,9,Wednesday,Phone or tablet app,India,Positive,0.7119,0.7553,0.5539
t00717,2020-08-12,9,Wednesday,Twitter website,,Neutral,-0.3722,0.5922,0.2023
t00718,2020-08-13,6,Thursday,Other or custom app,,Negative,-0.4723,0.4957,0.0148
t00719,2020-08-13,6,Thursday,Phone or tablet app,Global / unstated,Negative,-0.7668,0.7852,0.5888
t00720,2020-08-13,6,Thursday,Twitter website,,Neutral,0.0181,0.8488,0.7642
t00721,2020-08-13,7,Thursday,Twitter website,,Negative,-0.8874,0.8943,0.7955
t00722,2020-08-13,7,Thursday,Twitter website,,Neutral,0.0092,0.9386,0.9033
t00723,2020-08-13,7,Thursday,Twitter website,United Kingdom,Positive,0.9125,0.9149,0.8322
t00724,2020-08-13,7,Thursday,Phone or tablet app,,Negative,-0.5603,0.5789,0.1764
t00725,2020-08-13,7,Thursday,Twitter website,India,Negative,-0.5862,0.6064,0.2331
t00726,2020-08-13,7,Thursday,Twitter website,,Negative,-0.4823,0.5011,0.021
t00727,2020-08-13,7,Thursday,Twitter website,Ireland,Neutral,0.2347,0.7571,0.5183
t00728,2020-08-13,8,Thursday,Other or custom app,Global / unstated,Negative,-0.5513,0.5708,0.1611
t00729,2020-08-13,8,Thursday,Phone or tablet app,,Neutral,0.1236,0.6771,0.4539
t00730,2020-08-13,8,Thursday,Twitter website,,Positive,0.7282,0.7323,0.4688
t00731,2020-08-13,8,Thursday,Phone or tablet app,,Negative,-0.5356,0.5512,0.118
t00732,2020-08-13,8,Thursday,Twitter website,United Kingdom,Negative,-0.5572,0.572,0.1588
t00733,2020-08-13,8,Thursday,Twitter website,,Negative,-0.5805,0.5922,0.1962
t00734,2020-08-13,8,Thursday,Twitter website,United States,Neutral,0.0791,0.9079,0.8223
t00735,2020-08-13,9,Thursday,Twitter website,,Positive,0.6395,0.6438,0.292
t00736,2020-08-13,9,Thursday,Phone or tablet app,,Neutral,-0.4027,0.5632,0.1435
t00737,2020-08-13,9,Thursday,Twitter website,United States,Neutral,0.03,0.9412,0.8968
t00738,2020-08-13,9,Thursday,Phone or tablet app,,Negative,-0.7,0.7176,0.4527
t00739,2020-08-13,9,Thursday,Twitter website,,Neutral,0.1258,0.5354,0.2402
t00740,2020-08-13,9,Thursday,Phone or tablet app,United Kingdom,Neutral,-0.0483,0.726,0.5649
t00741,2020-08-13,9,Thursday,Scheduling tool,United States,Neutral,0.0281,0.9457,0.9046
t00742,2020-08-13,9,Thursday,Twitter website,,Neutral,0.0903,0.899,0.8033
t00743,2020-08-13,10,Thursday,Phone or tablet app,Global / unstated,Neutral,-0.1414,0.7952,0.6221
t00744,2020-08-13,10,Thursday,Twitter website,India,Negative,-0.5275,0.5575,0.1449
t00745,2020-08-13,10,Thursday,Twitter website,United States,Neutral,-0.0847,0.849,0.7312
t00746,2020-08-13,10,Thursday,Twitter website,,Negative,-0.4958,0.5185,0.0597
t00747,2020-08-13,10,Thursday,Phone or tablet app,,Neutral,-0.0011,0.7835,0.6747
t00748,2020-08-13,10,Thursday,Phone or tablet app,United States,Neutral,-0.2767,0.6725,0.3704
t00749,2020-08-13,10,Thursday,Phone or tablet app,South Africa,Neutral,-0.0251,0.8813,0.8095
t00750,2020-08-13,10,Thursday,Phone or tablet app,Ireland,Negative,-0.9195,0.9288,0.867
t00751,2020-08-13,10,Thursday,Phone or tablet app,United States,Negative,-0.4746,0.5035,0.0358
t00752,2020-08-13,10,Thursday,Scheduling tool,United Kingdom,Neutral,0.0844,0.8884,0.7904
t00753,2020-08-13,10,Thursday,Bot or auto-feed,,Neutral,-0.1189,0.8074,0.6517
t00754,2020-08-13,10,Thursday,Phone or tablet app,Nigeria,Negative,-0.6984,0.7231,0.4709
t00755,2020-08-13,10,Thursday,Twitter website,,Neutral,-0.0043,0.9293,0.8918
t00756,2020-08-13,10,Thursday,Phone or tablet app,Global / unstated,Negative,-0.6877,0.7052,0.428
t00757,2020-08-14,1,Friday,Twitter website,,Negative,-0.7161,0.7231,0.4532
t00758,2020-08-14,1,Friday,Phone or tablet app,United States,Neutral,0.3176,0.6728,0.3504
t00759,2020-08-14,1,Friday,Twitter website,Global / unstated,Negative,-0.8853,0.898,0.8087
t00760,2020-08-14,2,Friday,Phone or tablet app,,Negative,-0.9263,0.9308,0.8661
t00761,2020-08-14,2,Friday,Scheduling tool,United States,Negative,-0.6065,0.6242,0.2661
t00762,2020-08-14,2,Friday,Phone or tablet app,,Negative,-0.4864,0.5045,0.027
t00763,2020-08-14,2,Friday,Twitter website,Australia,Negative,-0.8234,0.8333,0.6766
t00764,2020-08-14,2,Friday,Phone or tablet app,,Negative,-0.6415,0.6604,0.3397
t00765,2020-08-14,2,Friday,Twitter website,United States,Negative,-0.4791,0.5157,0.0681
t00766,2020-08-14,2,Friday,Phone or tablet app,,Negative,-0.8289,0.8411,0.6945
t00767,2020-08-14,2,Friday,Twitter website,United States,Neutral,-0.0231,0.9387,0.8965
t00768,2020-08-14,2,Friday,Phone or tablet app,Canada,Negative,-0.7844,0.7925,0.5932
t00769,2020-08-14,3,Friday,Phone or tablet app,,Neutral,0.0209,0.8597,0.7791
t00770,2020-08-14,3,Friday,Twitter website,India,Neutral,0.1237,0.8544,0.7197
t00771,2020-08-14,3,Friday,Phone or tablet app,United States,Negative,-0.9005,0.9076,0.8222
t00772,2020-08-14,4,Friday,Phone or tablet app,India,Neutral,-0.05,0.9044,0.8315
t00773,2020-08-14,4,Friday,Phone or tablet app,United States,Neutral,0.1373,0.8561,0.7155
t00774,2020-08-14,4,Friday,TweetDeck,India,Neutral,0.0927,0.8557,0.7373
t00775,2020-08-14,4,Friday,Phone or tablet app,United States,Neutral,0.2523,0.6413,0.3358
t00776,2020-08-14,5,Friday,Twitter website,,Neutral,-0.3804,0.5168,0.085
t00777,2020-08-14,5,Friday,Twitter website,United States,Neutral,-0.1147,0.8351,0.6953
t00778,2020-08-14,5,Friday,Twitter website,,Neutral,-0.3538,0.6121,0.2412
t00779,2020-08-14,5,Friday,Phone or tablet app,,Positive,0.511,0.5168,0.0395
t00780,2020-08-14,5,Friday,Phone or tablet app,,Neutral,-0.1196,0.7852,0.618
t00781,2020-08-14,5,Friday,Phone or tablet app,South Africa,Neutral,0.0268,0.8706,0.7926
t00782,2020-08-14,6,Friday,Scheduling tool,,Neutral,-0.3938,0.561,0.1445
t00783,2020-08-14,6,Friday,Twitter website,,Neutral,-0.1696,0.7492,0.5391
t00784,2020-08-14,6,Friday,Twitter website,,Negative,-0.7132,0.7227,0.4549
t00785,2020-08-14,6,Friday,Twitter website,,Neutral,-0.0129,0.8723,0.802
t00786,2020-08-14,6,Friday,TweetDeck,South Africa,Neutral,0.0604,0.9295,0.8641
t00787,2020-08-14,7,Friday,TweetDeck,Kenya,Positive,0.7977,0.804,0.6143
t00788,2020-08-14,7,Friday,TweetDeck,United Kingdom,Neutral,0.3755,0.6128,0.2314
t00789,2020-08-14,7,Friday,Scheduling tool,Nigeria,Neutral,0.0525,0.9183,0.8512
t00790,2020-08-14,7,Friday,Scheduling tool,Global / unstated,Neutral,0.0698,0.8808,0.7863
t00791,2020-08-14,7,Friday,Twitter website,,Negative,-0.533,0.5492,0.1147
t00792,2020-08-14,7,Friday,Twitter website,Australia,Positive,0.9795,0.9835,0.971
t00793,2020-08-14,7,Friday,Twitter website,,Positive,0.9378,0.941,0.8852
t00794,2020-08-14,7,Friday,TweetDeck,Philippines,Neutral,0.0159,0.9168,0.8672
t00795,2020-08-14,7,Friday,Scheduling tool,United Kingdom,Neutral,0.021,0.8922,0.8278
t00796,2020-08-14,7,Friday,Phone or tablet app,,Negative,-0.5932,0.6041,0.2191
t00797,2020-08-16,2,Sunday,Other or custom app,,Neutral,0.0319,0.9427,0.8981
t00798,2020-08-16,2,Sunday,TweetDeck,United States,Neutral,-0.3182,0.6414,0.303
t00799,2020-08-16,2,Sunday,Phone or tablet app,Canada,Neutral,-0.2898,0.6101,0.2702
t00800,2020-08-16,3,Sunday,Phone or tablet app,,Neutral,-0.323,0.513,0.1081
t00801,2020-08-16,3,Sunday,Phone or tablet app,United States,Positive,0.9462,0.952,0.9099
t00802,2020-08-16,3,Sunday,Twitter website,,Negative,-0.5755,0.6093,0.2524
t00803,2020-08-16,3,Sunday,Phone or tablet app,United States,Positive,0.9813,0.9828,0.9672
t00804,2020-08-16,3,Sunday,Twitter website,,Neutral,-0.2366,0.7334,0.4819
t00805,2020-08-16,3,Sunday,Phone or tablet app,,Neutral,-0.3062,0.6408,0.3081
t00806,2020-08-16,3,Sunday,Phone or tablet app,,Neutral,-0.2896,0.6488,0.3284
t00807,2020-08-16,4,Sunday,Phone or tablet app,United States,Negative,-0.586,0.6148,0.2584
t00808,2020-08-16,4,Sunday,Twitter website,India,Negative,-0.5647,0.5797,0.1743
t00809,2020-08-16,4,Sunday,Twitter website,,Neutral,0.0443,0.7375,0.5841
t00810,2020-08-16,4,Sunday,Twitter website,Global / unstated,Positive,0.9814,0.9837,0.9698
t00811,2020-08-16,5,Sunday,Twitter website,,Negative,-0.6051,0.6288,0.2814
t00812,2020-08-16,5,Sunday,Phone or tablet app,,Neutral,-0.0508,0.9004,0.8251
t00813,2020-08-16,5,Sunday,Bot or auto-feed,,Neutral,-0.2536,0.7085,0.4359
t00814,2020-08-16,6,Sunday,Phone or tablet app,United Kingdom,Negative,-0.8344,0.8473,0.7075
t00815,2020-08-16,6,Sunday,Cross-posted,India,Positive,0.828,0.8309,0.6647
t00816,2020-08-16,6,Sunday,Phone or tablet app,Pakistan,Neutral,0.0669,0.9125,0.8353
t00817,2020-08-16,7,Sunday,Twitter website,India,Negative,-0.4737,0.5091,0.0535
t00818,2020-08-16,7,Sunday,Scheduling tool,,Neutral,0.06,0.9206,0.8509
t00819,2020-08-16,7,Sunday,Twitter website,,Neutral,0.1949,0.7709,0.5589
t00820,2020-08-16,7,Sunday,Phone or tablet app,United Kingdom,Neutral,-0.3632,0.5967,0.2134
t00821,2020-08-16,7,Sunday,Twitter website,,Positive,0.7363,0.7462,0.5023
t00822,2020-08-16,8,Sunday,Scheduling tool,India,Negative,-0.5727,0.5895,0.1959
t00823,2020-08-16,8,Sunday,Phone or tablet app,United States,Negative,-0.8472,0.8613,0.7367
t00824,2020-08-16,8,Sunday,Scheduling tool,Australia,Positive,0.7106,0.7161,0.4377
t00825,2020-08-16,8,Sunday,TweetDeck,India,Neutral,0.1823,0.8089,0.6221
t00826,2020-08-16,8,Sunday,Twitter website,,Positive,0.9,0.9039,0.8117
t00827,2020-08-16,8,Sunday,Phone or tablet app,,Neutral,0.2581,0.7203,0.4514
t00828,2020-08-16,8,Sunday,Phone or tablet app,India,Negative,-0.9024,0.907,0.8185
t00829,2020-08-16,8,Sunday,Twitter website,,Neutral,-0.3077,0.5567,0.1813
t00830,2020-08-16,8,Sunday,Phone or tablet app,,Neutral,0.0915,0.8815,0.7765
t00831,2020-08-16,8,Sunday,Twitter website,Australia,Neutral,-0.4645,0.5047,0.0249
t00832,2020-08-16,8,Sunday,Phone or tablet app,United Kingdom,Positive,0.965,0.9688,0.9413
t00833,2020-08-16,9,Sunday,Scheduling tool,,Neutral,-0.2827,0.6166,0.2835
t00834,2020-08-16,9,Sunday,Twitter website,India,Neutral,-0.4182,0.5168,0.0662
t00835,2020-08-16,9,Sunday,Phone or tablet app,United Kingdom,Negative,-0.5056,0.6296,0.3832
t00836,2020-08-16,9,Sunday,Phone or tablet app,Ireland,Neutral,-0.4442,0.5162,0.0522
t00837,2020-08-17,3,Monday,Twitter website,,Negative,-0.4759,0.5099,0.0538
t00838,2020-08-17,3,Monday,Phone or tablet app,,Neutral,-0.1414,0.7221,0.5124
t00839,2020-08-17,3,Monday,Twitter website,,Neutral,0.2138,0.4743,0.1045
t00840,2020-08-17,4,Monday,Twitter website,United States,Negative,-0.9204,0.9276,0.8625
t00841,2020-08-17,4,Monday,Bot or auto-feed,,Neutral,-0.0102,0.9189,0.8733
t00842,2020-08-17,4,Monday,Phone or tablet app,,Negative,-0.8952,0.9002,0.8055
t00843,2020-08-17,4,Monday,Phone or tablet app,,Negative,-0.7326,0.7408,0.4897
t00844,2020-08-17,4,Monday,Phone or tablet app,United States,Negative,-0.7037,0.7476,0.5392
t00845,2020-08-17,4,Monday,Scheduling tool,,Negative,-0.7476,0.7565,0.5219
t00846,2020-08-17,4,Monday,Twitter website,United States,Neutral,0.2246,0.7286,0.4805
t00847,2020-08-17,4,Monday,Phone or tablet app,,Positive,0.9771,0.9802,0.9636
t00848,2020-08-17,4,Monday,Phone or tablet app,India,Negative,-0.8429,0.8564,0.7264
t00849,2020-08-17,5,Monday,Twitter website,India,Neutral,0.2847,0.6573,0.3436
t00850,2020-08-17,5,Monday,Scheduling tool,,Neutral,0.1166,0.8721,0.7499
t00851,2020-08-17,5,Monday,TweetDeck,,Negative,-0.6874,0.7017,0.4177
t00852,2020-08-17,5,Monday,Twitter website,India,Neutral,-0.0041,0.9123,0.8665
t00853,2020-08-17,5,Monday,Twitter website,India,Neutral,-0.1077,0.8203,0.6765
t00854,2020-08-17,6,Monday,Phone or tablet app,United States,Negative,-0.8134,0.8275,0.6691
t00855,2020-08-17,6,Monday,Phone or tablet app,,Neutral,0.1961,0.7959,0.5957
t00856,2020-08-17,6,Monday,Bot or auto-feed,,Negative,-0.6452,0.6595,0.3334
t00857,2020-08-17,6,Monday,Twitter website,,Negative,-0.765,0.7804,0.5763
t00858,2020-08-17,6,Monday,Phone or tablet app,,Negative,-0.6207,0.6447,0.3133
t00859,2020-08-17,6,Monday,Phone or tablet app,,Neutral,-0.3854,0.5624,0.1509
t00860,2020-08-17,7,Monday,Twitter website,India,Neutral,0.008,0.928,0.888
t00861,2020-08-17,7,Monday,Scheduling tool,Global / unstated,Neutral,-0.0159,0.8528,0.7713
t00862,2020-08-17,7,Monday,Scheduling tool,India,Neutral,-0.1938,0.7702,0.5584
t00863,2020-08-17,7,Monday,Phone or tablet app,United Kingdom,Negative,-0.7654,0.7792,0.5722
t00864,2020-08-17,7,Monday,Phone or tablet app,,Negative,-0.5163,0.5317,0.0788
t00865,2020-08-17,7,Monday,TweetDeck,Philippines,Neutral,-0.3117,0.6197,0.2736
t00866,2020-08-17,8,Monday,Scheduling tool,,Positive,0.7243,0.7289,0.4624
t00867,2020-08-17,8,Monday,Scheduling tool,United Kingdom,Positive,0.8989,0.9016,0.8058
t00868,2020-08-17,8,Monday,Phone or tablet app,United Kingdom,Negative,-0.733,0.7431,0.4964
t00869,2020-08-17,8,Monday,Scheduling tool,Global / unstated,Neutral,-0.0853,0.8087,0.6704
t00870,2020-08-17,8,Monday,Phone or tablet app,India,Negative,-0.8382,0.8475,0.7043
t00871,2020-08-17,8,Monday,Phone or tablet app,Nigeria,Neutral,-0.2808,0.622,0.2927
t00872,2020-08-17,8,Monday,Phone or tablet app,,Negative,-0.6043,0.6163,0.2445
t00873,2020-08-17,8,Monday,Phone or tablet app,India,Neutral,0.0439,0.9467,0.8981
t00874,2020-08-17,8,Monday,Phone or tablet app,,Neutral,-0.0071,0.9066,0.8563
t00875,2020-08-17,8,Monday,Twitter website,,Neutral,-0.2321,0.7403,0.4945
t00876,2020-08-17,8,Monday,Twitter website,,Positive,0.8235,0.8368,0.687
t00877,2020-08-18,16,Tuesday,Other or custom app,,Neutral,-0.1668,0.7762,0.5808
t00878,2020-08-18,16,Tuesday,Scheduling tool,,Negative,-0.476,0.504,0.036
t00879,2020-08-18,16,Tuesday,Cross-posted,,Neutral,0.1135,0.8708,0.7494
t00880,2020-08-18,16,Tuesday,Phone or tablet app,United States,Negative,-0.9014,0.9125,0.8362
t00881,2020-08-18,16,Tuesday,Phone or tablet app,Canada,Negative,-0.5215,0.5391,0.0957
t00882,2020-08-18,16,Tuesday,Phone or tablet app,,Negative,-0.5921,0.6039,0.2196
t00883,2020-08-18,16,Tuesday,Twitter website,,Negative,-0.4466,0.5114,0.0876
t00884,2020-08-18,16,Tuesday,TweetDeck,,Neutral,-0.3074,0.6606,0.3373
t00885,2020-08-18,16,Tuesday,Phone or tablet app,United Kingdom,Neutral,-0.0415,0.7825,0.653
t00886,2020-08-18,16,Tuesday,Twitter website,,Negative,-0.5494,0.5988,0.2469
t00887,2020-08-18,16,Tuesday,Twitter website,,Negative,-0.8774,0.8838,0.774
t00888,2020-08-18,16,Tuesday,Scheduling tool,United States,Neutral,0.2291,0.6965,0.4302
t00889,2020-08-18,16,Tuesday,Twitter website,,Neutral,0.0315,0.9552,0.9171
t00890,2020-08-18,17,Tuesday,Scheduling tool,Global / unstated,Neutral,-0.2022,0.6856,0.4273
t00891,2020-08-18,17,Tuesday,Scheduling tool,United States,Positive,0.9673,0.9691,0.9399
t00892,2020-08-18,17,Tuesday,Phone or tablet app,United States,Neutral,0.0216,0.9506,0.9151
t00893,2020-08-18,17,Tuesday,Phone or tablet app,,Negative,-0.7077,0.7181,0.4466
t00894,2020-08-18,17,Tuesday,Phone or tablet app,United States,Neutral,-0.0681,0.5346,0.2679
t00895,2020-08-18,17,Tuesday,Phone or tablet app,,Neutral,-0.0576,0.5164,0.2458
t00896,2020-08-18,17,Tuesday,Phone or tablet app,United States,Positive,0.7147,0.7216,0.4501
t00897,2020-08-18,17,Tuesday,Cross-posted,United Kingdom,Neutral,-0.1729,0.7562,0.5478
t00898,2020-08-18,17,Tuesday,Phone or tablet app,Canada,Positive,0.9868,0.989,0.9802
t00899,2020-08-18,17,Tuesday,Phone or tablet app,United States,Negative,-0.8363,0.852,0.7197
t00900,2020-08-18,17,Tuesday,Phone or tablet app,,Positive,0.6904,0.7012,0.4131
t00901,2020-08-18,17,Tuesday,Twitter website,United States,Neutral,-0.0337,0.9184,0.8607
t00902,2020-08-18,18,Tuesday,Scheduling tool,,Neutral,0.1531,0.8177,0.65
t00903,2020-08-18,18,Tuesday,Scheduling tool,United States,Positive,0.9362,0.9376,0.8766
t00904,2020-08-18,18,Tuesday,Phone or tablet app,Kenya,Neutral,0.0318,0.8679,0.7859
t00905,2020-08-18,18,Tuesday,Phone or tablet app,United Kingdom,Neutral,0.065,0.8958,0.8113
t00906,2020-08-18,18,Tuesday,Phone or tablet app,,Neutral,-0.3462,0.6012,0.2288
t00907,2020-08-18,18,Tuesday,Twitter website,United States,Neutral,-0.2523,0.7021,0.4269
t00908,2020-08-18,18,Tuesday,Phone or tablet app,Kenya,Neutral,-0.1048,0.8484,0.7202
t00909,2020-08-18,18,Tuesday,Phone or tablet app,Global / unstated,Neutral,0.2937,0.6905,0.3889
t00910,2020-08-18,18,Tuesday,Scheduling tool,Canada,Neutral,0.0084,0.9586,0.9337
t00911,2020-08-18,18,Tuesday,TweetDeck,United States,Neutral,-0.0522,0.7875,0.6552
t00912,2020-08-18,18,Tuesday,Phone or tablet app,United States,Negative,-0.8385,0.8479,0.7051
t00913,2020-08-18,18,Tuesday,Twitter website,United States,Neutral,0.4486,0.5402,0.086
t00914,2020-08-18,18,Tuesday,Phone or tablet app,,Neutral,0.0127,0.8275,0.7349
t00915,2020-08-18,18,Tuesday,Phone or tablet app,,Positive,0.6266,0.6293,0.2613
t00916,2020-08-22,0,Saturday,Other or custom app,India,Neutral,-0.0539,0.902,0.826
t00917,2020-08-22,0,Saturday,Twitter website,United States,Neutral,0.0034,0.933,0.8977
t00918,2020-08-22,0,Saturday,Phone or tablet app,United States,Negative,-0.6405,0.6631,0.3487
t00919,2020-08-22,1,Saturday,TweetDeck,,Negative,-0.7116,0.7385,0.5039
t00920,2020-08-22,1,Saturday,Scheduling tool,,Neutral,0.0164,0.8951,0.8344
t00921,2020-08-22,1,Saturday,Twitter website,,Negative,-0.7444,0.7572,0.5273
t00922,2020-08-22,1,Saturday,Twitter website,United States,Neutral,-0.1982,0.7596,0.5403
t00923,2020-08-22,1,Saturday,Phone or tablet app,,Neutral,-0.177,0.7122,0.4798
t00924,2020-08-22,1,Saturday,Phone or tablet app,United States,Negative,-0.4657,0.4966,0.024
t00925,2020-08-22,2,Saturday,Phone or tablet app,United States,Neutral,-0.062,0.6388,0.4272
t00926,2020-08-22,2,Saturday,Phone or tablet app,United States,Negative,-0.8998,0.907,0.8212
t00927,2020-08-22,2,Saturday,Twitter website,United States,Negative,-0.6238,0.641,0.2993
t00928,2020-08-22,2,Saturday,Twitter website,,Neutral,-0.0228,0.9415,0.9009
t00929,2020-08-22,2,Saturday,Cross-posted,Canada,Neutral,-0.0541,0.862,0.766
t00930,2020-08-22,3,Saturday,Scheduling tool,,Positive,0.5768,0.6025,0.2308
t00931,2020-08-22,3,Saturday,Phone or tablet app,,Neutral,-0.4682,0.4914,0.003
t00932,2020-08-22,4,Saturday,Phone or tablet app,United States,Negative,-0.6947,0.7085,0.4308
t00933,2020-08-22,4,Saturday,Scheduling tool,,Neutral,-0.0088,0.8486,0.7685
t00934,2020-08-22,4,Saturday,TweetDeck,India,Neutral,0.1815,0.7771,0.575
t00935,2020-08-22,4,Saturday,Phone or tablet app,,Negative,-0.9205,0.9252,0.8551
t00936,2020-08-22,5,Saturday,Twitter website,,Neutral,-0.2523,0.6825,0.3976
t00937,2020-08-22,5,Saturday,Twitter website,,Positive,0.9561,0.9588,0.9202
t00938,2020-08-22,5,Saturday,Scheduling tool,,Neutral,-0.2095,0.7123,0.4637
t00939,2020-08-22,6,Saturday,Bot or auto-feed,,Neutral,-0.4206,0.5175,0.066
t00940,2020-08-22,7,Saturday,Bot or auto-feed,,Neutral,0.0448,0.9023,0.8311
t00941,2020-08-22,7,Saturday,Twitter website,,Negative,-0.9135,0.9248,0.8609
t00942,2020-08-22,7,Saturday,Cross-posted,,Negative,-0.8681,0.8753,0.7579
t00943,2020-08-22,7,Saturday,Phone or tablet app,,Neutral,0.082,0.907,0.8195
t00944,2020-08-22,8,Saturday,Twitter website,,Neutral,-0.174,0.7323,0.5115
t00945,2020-08-22,8,Saturday,Twitter website,,Negative,-0.8765,0.8858,0.7809
t00946,2020-08-22,8,Saturday,Twitter website,United Kingdom,Positive,0.9767,0.978,0.9574
t00947,2020-08-22,8,Saturday,Scheduling tool,United States,Neutral,0.0074,0.9012,0.848
t00948,2020-08-22,8,Saturday,Phone or tablet app,United Kingdom,Neutral,-0.4267,0.5459,0.1055
t00949,2020-08-22,9,Saturday,Twitter website,,Neutral,-0.1267,0.8235,0.6719
t00950,2020-08-22,9,Saturday,TweetDeck,,Positive,0.6796,0.6898,0.3898
t00951,2020-08-22,9,Saturday,Other or custom app,Global / unstated,Negative,-0.7699,0.7786,0.5659
t00952,2020-08-22,10,Saturday,Twitter website,Australia,Neutral,-0.0861,0.8565,0.7417
t00953,2020-08-22,10,Saturday,Phone or tablet app,,Neutral,-0.0859,0.8733,0.7669
t00954,2020-08-22,10,Saturday,Twitter website,India,Neutral,0.2529,0.7123,0.4419
t00955,2020-08-22,10,Saturday,Twitter website,,Neutral,-0.2681,0.6599,0.3558
t00956,2020-08-29,19,Saturday,Twitter website,Kenya,Positive,0.8191,0.8338,0.6823
t00957,2020-08-29,19,Saturday,Phone or tablet app,,Neutral,0.0963,0.8415,0.7141
t00958,2020-08-29,20,Saturday,Twitter website,United States,Neutral,-0.2466,0.7146,0.4486
t00959,2020-08-29,20,Saturday,Scheduling tool,United States,Neutral,0.3193,0.65,0.3153
t00960,2020-08-29,20,Saturday,Phone or tablet app,,Positive,0.7739,0.8123,0.6629
t00961,2020-08-29,20,Saturday,Twitter website,,Neutral,0.1335,0.7619,0.5761
t00962,2020-08-29,20,Saturday,Bot or auto-feed,,Negative,-0.7459,0.7578,0.5274
t00963,2020-08-29,20,Saturday,Phone or tablet app,,Negative,-0.7489,0.7644,0.5442
t00964,2020-08-29,20,Saturday,Unknown,,Neutral,-0.0579,0.8343,0.7225
t00965,2020-08-29,20,Saturday,Phone or tablet app,,Negative,-0.8405,0.8465,0.699
t00966,2020-08-29,20,Saturday,Phone or tablet app,United States,Negative,-0.8922,0.8995,0.8063
t00967,2020-08-29,20,Saturday,Phone or tablet app,Ireland,Negative,-0.4818,0.5143,0.0611
t00968,2020-08-29,20,Saturday,Phone or tablet app,United States,Negative,-0.849,0.8539,0.7127
t00969,2020-08-29,21,Saturday,Phone or tablet app,United States,Positive,0.4565,0.517,0.0944
t00970,2020-08-29,21,Saturday,Scheduling tool,,Positive,0.7555,0.7848,0.5989
t00971,2020-08-29,21,Saturday,Twitter website,,Neutral,-0.117,0.8324,0.6901
t00972,2020-08-29,21,Saturday,Twitter website,,Neutral,0.0848,0.8946,0.7995
t00973,2020-08-29,21,Saturday,Other or custom app,Canada,Negative,-0.5273,0.552,0.1286
t00974,2020-08-29,21,Saturday,Twitter website,,Neutral,0.0534,0.7608,0.6145
t00975,2020-08-29,22,Saturday,Twitter website,United States,Negative,-0.5886,0.6029,0.2201
t00976,2020-08-29,22,Saturday,Phone or tablet app,United States,Neutral,-0.0878,0.8655,0.7543
t00977,2020-08-29,22,Saturday,Twitter website,,Negative,-0.649,0.6601,0.3313
t00978,2020-08-29,22,Saturday,Phone or tablet app,United Kingdom,Positive,0.9609,0.9702,0.9498
t00979,2020-08-29,22,Saturday,Twitter website,,Negative,-0.8024,0.8146,0.6413
t00980,2020-08-29,22,Saturday,Bot or auto-feed,,Negative,-0.7717,0.782,0.5743
t00981,2020-08-29,22,Saturday,Phone or tablet app,Ireland,Negative,-0.5944,0.6029,0.2144
t00982,2020-08-29,22,Saturday,Twitter website,Global / unstated,Neutral,-0.3757,0.5355,0.1154
t00983,2020-08-29,23,Saturday,Twitter website,,Negative,-0.5522,0.5782,0.1824
t00984,2020-08-29,23,Saturday,Twitter website,,Neutral,-0.0533,0.89,0.8083
t00985,2020-08-29,23,Saturday,Twitter website,,Neutral,-0.1471,0.7821,0.5996
t00986,2020-08-29,23,Saturday,Phone or tablet app,,Neutral,0.0838,0.8268,0.6983
t00987,2020-08-29,23,Saturday,Twitter website,Canada,Neutral,-0.0597,0.6119,0.388
t00988,2020-08-29,23,Saturday,Twitter website,United States,Neutral,0.18,0.8094,0.624
t00989,2020-08-29,23,Saturday,Twitter website,,Neutral,0.1326,0.8548,0.7159
t00990,2020-08-29,23,Saturday,Phone or tablet app,,Positive,0.6786,0.7043,0.4343
t00991,2020-08-29,23,Saturday,Phone or tablet app,,Neutral,0.0482,0.8209,0.7072
t00992,2020-08-29,23,Saturday,Twitter website,,Neutral,-0.3138,0.642,0.306
t00993,2020-08-29,23,Saturday,TweetDeck,,Neutral,-0.0676,0.8684,0.7688
t00994,2020-08-29,23,Saturday,Twitter website,United States,Negative,-0.4945,0.5119,0.0412
t00995,2020-08-30,0,Sunday,Scheduling tool,United States,Neutral,0.0086,0.9527,0.9248
t00996,2020-08-30,0,Sunday,Phone or tablet app,,Positive,0.8141,0.833,0.685
t00997,2020-08-30,1,Sunday,Phone or tablet app,,Negative,-0.7401,0.7477,0.503
t00998,2020-08-30,1,Sunday,Twitter website,,Negative,-0.7947,0.8345,0.7088
t00999,2020-08-30,2,Sunday,Phone or tablet app,United States,Neutral,-0.1787,0.7725,0.5694
t01000,2020-08-30,2,Sunday,Other or custom app,,Neutral,-0.073,0.8521,0.7417
t01001,2020-08-30,2,Sunday,Phone or tablet app,Global / unstated,Neutral,-0.4674,0.5012,0.0181
t01002,2020-08-30,2,Sunday,Phone or tablet app,,Neutral,-0.0716,0.5973,0.3601
t01003,2020-08-30,2,Sunday,Twitter website,,Neutral,-0.1228,0.8074,0.6497
t01004,2020-08-30,2,Sunday,Twitter website,,Negative,-0.8767,0.8864,0.7824
t01005,2020-08-30,2,Sunday,Phone or tablet app,United States,Negative,-0.8099,0.8335,0.6905
t01006,2020-08-30,3,Sunday,Phone or tablet app,United States,Positive,0.5244,0.5396,0.0943
t01007,2020-08-30,3,Sunday,Phone or tablet app,,Neutral,0.1324,0.819,0.6623
t01008,2020-08-30,3,Sunday,Phone or tablet app,Australia,Positive,0.9455,0.9507,0.9067
t01009,2020-08-30,3,Sunday,Scheduling tool,,Neutral,-0.3859,0.5715,0.1643
t01010,2020-08-30,3,Sunday,Bot or auto-feed,,Neutral,-0.0566,0.845,0.7393
t01011,2020-08-30,4,Sunday,Phone or tablet app,Australia,Negative,-0.4808,0.5044,0.0325
t01012,2020-08-30,5,Sunday,Scheduling tool,,Positive,0.7957,0.8052,0.62
t01013,2020-08-30,5,Sunday,Phone or tablet app,,Neutral,0.0395,0.9353,0.8832
t01014,2020-08-30,5,Sunday,Phone or tablet app,United Kingdom,Negative,-0.6479,0.6871,0.4134
t01015,2020-08-30,5,Sunday,Twitter website,,Neutral,0.0159,0.9391,0.9007
t01016,2020-08-30,6,Sunday,Scheduling tool,,Neutral,0.1577,0.8297,0.6657
t01017,2020-08-30,6,Sunday,Bot or auto-feed,,Neutral,-0.0049,0.8913,0.8345
t01018,2020-08-30,6,Sunday,Phone or tablet app,,Negative,-0.9302,0.9378,0.8833
t01019,2020-08-30,6,Sunday,Twitter website,United States,Negative,-0.853,0.8603,0.7279
t01020,2020-08-30,6,Sunday,Scheduling tool,,Negative,-0.6674,0.6837,0.3838
t01021,2020-08-30,6,Sunday,Twitter website,,Neutral,-0.4402,0.521,0.0614
t01022,2020-08-30,7,Sunday,Scheduling tool,Global / unstated,Neutral,-0.1012,0.8408,0.7106
t01023,2020-08-30,7,Sunday,Twitter website,,Neutral,0.2472,0.668,0.3784
t01024,2020-08-30,7,Sunday,Twitter website,United States,Neutral,0.0606,0.5442,0.286
t01025,2020-08-30,7,Sunday,Phone or tablet app,,Neutral,0.0234,0.8215,0.7206
t01026,2020-08-30,7,Sunday,Twitter website,India,Neutral,-0.4701,0.4955,0.0083
t01027,2020-08-30,7,Sunday,Twitter website,United Kingdom,Negative,-0.5446,0.5585,0.1309
t01028,2020-08-30,7,Sunday,Twitter website,Global / unstated,Neutral,0.0017,0.8557,0.7827
t01029,2020-08-30,8,Sunday,Twitter website,United Kingdom,Negative,-0.5999,0.6141,0.2423
t01030,2020-08-30,8,Sunday,Phone or tablet app,,Negative,-0.8789,0.8861,0.7793
t01031,2020-08-30,8,Sunday,Phone or tablet app,,Neutral,-0.1509,0.7367,0.5296
t01032,2020-08-30,8,Sunday,Phone or tablet app,,Neutral,0.0783,0.7909,0.6473
t01033,2020-08-30,9,Sunday,Phone or tablet app,United Kingdom,Negative,-0.8073,0.8191,0.6499
t01034,2020-08-30,9,Sunday,Phone or tablet app,United Kingdom,Neutral,-0.0791,0.7179,0.5373
