rank,rank_lo,rank_hi,country,region,score,score_lo,score_hi,gdp,social,health,freedom,generosity,corruption,dystopia_residual,residual,missing
1,1,1,Finland,Western Europe,7.764,7.690,7.837,1.915,1.638,0.939,1.105,0.093,0.491,1.582,0.422,
2,2,4,Iceland,Western Europe,7.540,7.449,7.630,1.971,1.720,0.996,1.105,0.187,0.187,1.373,0.213,
3,2,4,Denmark,Western Europe,7.539,7.446,7.631,1.986,1.633,0.930,1.081,0.125,0.474,1.310,0.150,
4,2,4,Costa Rica,Latin America and Caribbean,7.439,7.356,7.522,1.697,1.483,0.739,1.101,0.059,0.122,2.236,1.076,
5,5,8,Sweden,Western Europe,7.255,7.172,7.337,1.950,1.570,1.027,1.070,0.149,0.447,1.041,-0.119,
6,5,8,Norway,Western Europe,7.242,7.156,7.327,2.057,1.626,0.983,1.092,0.157,0.413,0.913,-0.247,
7,5,8,Netherlands,Western Europe,7.223,7.153,7.293,1.983,1.539,0.922,1.000,0.175,0.349,1.255,0.095,
8,5,9,Israel,Middle East and North Africa,7.187,7.119,7.254,1.867,1.606,0.925,0.863,0.139,0.196,1.592,0.432,
9,8,17,Luxembourg,Western Europe,7.063,6.971,7.154,2.162,1.465,0.981,1.056,0.111,0.382,0.907,-0.253,
10,9,19,Switzerland,Western Europe,7.018,6.937,7.099,2.028,1.534,1.017,1.035,0.148,0.452,0.804,-0.356,
11,9,20,New Zealand,North America and ANZ,6.995,6.915,7.074,1.876,1.580,0.924,1.034,0.155,0.422,1.003,-0.157,
12,9,24,Mexico,Latin America and Caribbean,6.972,6.885,7.060,1.636,1.366,0.631,1.015,0.056,0.128,2.141,0.981,
13,9,24,Ireland,Western Europe,6.928,6.839,7.018,2.146,1.558,0.936,1.032,0.172,0.364,0.720,-0.440,
14,9,24,Belgium,Western Europe,6.926,6.859,6.993,1.951,1.520,0.988,0.990,0.107,0.296,1.074,-0.086,
15,9,25,Australia,North America and ANZ,6.916,6.833,6.999,1.937,1.497,0.956,0.989,0.159,0.294,1.085,-0.075,
16,9,26,Kosovo,Central and Eastern Europe,6.910,6.810,7.010,1.535,1.293,0.907,1.045,0.186,0.082,1.860,0.700,
17,10,26,Germany,Western Europe,6.882,6.789,6.975,1.948,1.490,0.876,0.948,0.145,0.349,1.128,-0.032,
18,11,26,Slovenia,Central and Eastern Europe,6.868,6.783,6.954,1.872,1.594,0.913,1.097,0.108,0.108,1.177,0.017,
19,11,30,Austria,Western Europe,6.845,6.764,6.927,1.954,1.474,0.926,0.979,0.171,0.285,1.057,-0.103,
20,12,30,Czechia,Central and Eastern Europe,6.821,6.739,6.903,1.869,1.594,0.720,1.045,0.106,0.081,1.405,0.245,
21,12,31,United Arab Emirates,Middle East and North Africa,6.821,6.734,6.907,1.980,1.096,0.710,1.071,0.149,0.228,1.587,0.427,
22,12,31,Saudi Arabia,Middle East and North Africa,6.817,6.726,6.907,1.949,1.412,0.831,1.042,0.096,0.196,1.291,0.131,
23,12,30,United States,North America and ANZ,6.816,6.724,6.908,2.002,1.516,0.678,0.776,0.155,0.155,1.534,0.374,
24,15,34,Poland,Central and Eastern Europe,6.768,6.706,6.830,1.851,1.479,0.693,0.945,0.023,0.177,1.600,0.440,
25,16,41,Canada,North America and ANZ,6.741,6.656,6.826,1.917,1.525,0.955,0.948,0.153,0.321,0.923,-0.237,
26,18,41,Taiwan Province of China,East Asia,6.714,6.628,6.800,1.959,1.446,0.933,0.879,0.107,0.179,1.211,0.051,
27,10,48,Belize,Latin America and Caribbean,6.711,6.432,6.989,1.471,1.420,0.609,1.146,0.070,0.080,1.913,0.753,
28,19,42,Lithuania,Central and Eastern Europe,6.704,6.606,6.801,1.863,1.555,0.653,0.891,0.049,0.113,1.579,0.419,
29,19,42,United Kingdom,Western Europe,6.694,6.613,6.776,1.896,1.458,0.888,0.962,0.191,0.291,1.008,-0.152,
30,19,43,Serbia,Central and Eastern Europe,6.691,6.607,6.775,1.696,1.543,0.580,0.913,0.124,0.096,1.740,0.580,
31,24,43,Uruguay,Latin America and Caribbean,6.635,6.553,6.717,1.748,1.540,0.525,1.054,0.070,0.194,1.505,0.345,
32,22,43,Brazil,Latin America and Caribbean,6.634,6.540,6.728,1.602,1.396,0.508,0.964,0.081,0.122,1.960,0.800,
33,24,43,Kazakhstan,Commonwealth of Independent States,6.633,6.555,6.711,1.782,1.599,0.552,0.982,0.117,0.104,1.496,0.336,
34,24,43,Romania,Central and Eastern Europe,6.629,6.542,6.715,1.818,1.233,0.608,0.965,0.030,0.034,1.941,0.781,
35,25,45,France,Western Europe,6.586,6.510,6.662,1.907,1.435,0.950,0.830,0.090,0.240,1.133,-0.027,
36,25,45,Singapore,Southeast Asia,6.585,6.497,6.674,2.167,1.471,1.059,0.980,0.145,0.512,0.252,-0.908,
37,25,48,El Salvador,Latin America and Caribbean,6.578,6.461,6.694,1.448,1.086,0.633,1.089,0.047,0.289,1.987,0.827,
38,26,46,Italy,Western Europe,6.574,6.471,6.678,1.899,1.405,0.975,0.746,0.075,0.067,1.407,0.247,
39,26,50,Panama,Latin America and Caribbean,6.547,6.432,6.661,1.787,1.479,0.818,0.975,0.039,0.042,1.407,0.247,
40,27,50,Kuwait,Middle East and North Africa,6.543,6.432,6.655,1.862,1.316,0.880,1.031,0.110,0.167,1.177,0.017,
41,28,49,Spain,Western Europe,6.540,6.459,6.620,1.871,1.552,1.036,0.857,0.112,0.167,0.946,-0.214,
42,26,50,Guatemala,Latin America and Caribbean,6.533,6.390,6.676,1.472,1.175,0.380,1.034,0.076,0.094,2.304,1.144,
43,34,55,Malta,Western Europe,6.436,6.357,6.516,1.942,1.532,0.948,0.977,0.183,0.120,0.735,-0.425,
44,34,55,Argentina,Latin America and Caribbean,6.430,6.337,6.522,1.700,1.517,0.621,0.970,0.052,0.076,1.493,0.333,
45,36,55,Viet Nam,Southeast Asia,6.428,6.353,6.504,1.510,1.375,0.698,1.147,0.039,0.207,1.453,0.293,
46,37,55,Estonia,Central and Eastern Europe,6.410,6.330,6.490,1.824,1.604,0.692,0.990,0.105,0.353,0.842,-0.318,
47,37,58,Bosnia and Herzegovina,Central and Eastern Europe,6.381,6.283,6.478,1.616,1.425,0.678,0.874,0.152,0.024,1.612,0.452,
48,39,58,Latvia,Central and Eastern Europe,6.365,6.277,6.454,1.797,1.610,0.512,0.940,0.103,0.097,1.305,0.145,
49,30,73,Jamaica,Latin America and Caribbean,6.305,5.994,6.615,1.445,1.554,0.371,0.966,0.059,0.082,1.827,0.667,
50,43,62,Chile,Latin America and Caribbean,6.302,6.212,6.393,1.730,1.427,0.792,0.926,0.087,0.087,1.254,0.094,
51,39,64,Nicaragua,Latin America and Caribbean,6.301,6.127,6.475,1.320,1.349,0.740,1.030,0.097,0.278,1.487,0.327,
52,43,64,Thailand,Southeast Asia,6.296,6.187,6.405,1.632,1.424,0.694,1.087,0.195,0.029,1.234,0.074,
53,43,65,Uzbekistan,Commonwealth of Independent States,6.283,6.180,6.386,1.415,1.527,0.771,1.085,0.173,0.196,1.116,-0.044,
54,47,65,Slovakia,Central and Eastern Europe,6.255,6.189,6.321,1.815,1.630,0.564,0.847,0.056,0.065,1.278,0.118,
55,43,66,Bahrain,Middle East and North Africa,6.254,6.143,6.364,1.930,1.293,0.693,1.055,0.143,0.171,0.969,-0.191,
56,47,70,Philippines,Southeast Asia,6.206,6.097,6.315,1.413,1.285,0.286,1.085,0.088,0.095,1.953,0.793,
57,47,70,Paraguay,Latin America and Caribbean,6.198,6.091,6.306,1.547,1.529,0.209,1.039,0.097,0.058,1.719,0.559,
58,43,76,Oman,Middle East and North Africa,6.197,5.973,6.420,1.789,1.286,0.580,1.057,0.132,0.188,1.164,0.004,
59,49,72,Ecuador,Latin America and Caribbean,6.144,6.027,6.261,1.505,1.168,0.835,0.860,0.058,0.085,1.634,0.474,
60,49,72,Montenegro,Central and Eastern Europe,6.139,6.057,6.222,1.709,1.485,0.680,0.935,0.073,0.142,1.115,-0.045,
61,49,72,Japan,East Asia,6.130,6.048,6.211,1.858,1.414,1.041,0.875,0.019,0.202,0.722,-0.438,
62,49,72,Cyprus,Western Europe,6.126,6.013,6.240,1.892,1.215,0.953,0.794,0.086,0.070,1.116,-0.044,
63,50,76,Honduras,Latin America and Caribbean,6.096,5.954,6.237,1.277,1.083,0.466,0.999,0.122,0.081,2.067,0.907,
64,49,76,Dominican Republic,Latin America and Caribbean,6.093,5.957,6.230,1.664,1.406,0.702,1.015,0.061,0.188,1.057,-0.103,
65,61,80,China,East Asia,6.074,5.998,6.150,1.662,0.963,0.905,0.793,0.089,0.161,1.502,0.342,
66,55,76,Kyrgyzstan,Commonwealth of Independent States,6.049,5.976,6.121,1.296,1.565,0.759,1.108,0.142,0.102,1.077,-0.083,
67,55,76,Republic of Korea,East Asia,6.040,5.945,6.134,1.906,1.230,1.028,0.825,0.089,0.149,0.812,-0.348,
68,54,78,Colombia,Latin America and Caribbean,6.040,5.933,6.146,1.586,1.374,0.630,0.915,0.042,0.051,1.441,0.281,
69,55,78,Portugal,Western Europe,6.029,5.928,6.131,1.830,1.461,0.944,1.005,0.035,0.031,0.724,-0.436,
70,56,78,Croatia,Central and Eastern Europe,6.009,5.928,6.090,1.834,1.562,0.737,0.675,0.022,0.095,1.084,-0.076,
71,55,78,Malaysia,Southeast Asia,6.005,5.901,6.110,1.766,1.170,0.413,1.109,0.161,0.112,1.275,0.115,
72,57,79,Peru,Latin America and Caribbean,5.974,5.872,6.076,1.535,1.240,0.605,0.849,0.055,0.010,1.680,0.520,
73,61,80,Mauritius,Sub-Saharan Africa,5.939,5.814,6.064,1.707,1.384,0.704,0.926,0.092,0.127,0.999,-0.161,
74,61,80,Hungary,Central and Eastern Europe,5.937,5.829,6.044,1.819,1.625,0.633,0.785,0.103,0.056,0.916,-0.244,
75,61,80,Mongolia,East Asia,5.936,5.852,6.020,1.558,1.615,0.421,0.752,0.162,0.051,1.376,0.216,
76,55,89,Trinidad and Tobago,Latin America and Caribbean,5.905,5.651,6.159,1.748,1.413,0.490,0.884,0.109,0.000,1.262,0.102,
77,67,86,Republic of Moldova,Commonwealth of Independent States,5.851,5.741,5.961,1.550,1.277,0.409,0.981,0.053,0.037,1.544,0.384,
78,67,86,Bolivia,Latin America and Caribbean,5.835,5.727,5.943,1.442,1.200,0.360,0.909,0.059,0.038,1.827,0.667,
79,70,86,Russian Federation,Commonwealth of Independent States,5.834,5.735,5.932,1.821,1.331,0.505,0.809,0.112,0.133,1.122,-0.038,
80,73,89,Venezuela,Latin America and Caribbean,5.756,5.646,5.866,0.000,1.335,0.561,0.846,0.180,0.133,2.701,1.541,
81,76,90,Libya,Middle East and North Africa,5.731,5.650,5.811,1.480,1.136,0.619,0.865,0.099,0.245,1.286,0.126,
82,76,91,North Macedonia,Central and Eastern Europe,5.719,5.629,5.809,1.665,1.448,0.581,0.740,0.124,0.013,1.149,-0.011,
83,76,92,Algeria,Middle East and North Africa,5.714,5.587,5.841,1.535,1.275,0.964,0.933,0.057,0.113,0.837,-0.323,
84,76,91,Bulgaria,Central and Eastern Europe,5.703,5.611,5.796,1.768,1.587,0.470,0.881,0.059,0.003,0.935,-0.225,
85,76,92,Greece,Western Europe,5.697,5.584,5.810,1.795,1.257,0.799,0.478,0.023,0.064,1.282,0.122,
86,76,92,Albania,Central and Eastern Europe,5.662,5.543,5.782,1.631,1.026,0.782,1.014,0.106,0.060,1.043,-0.117,
87,79,92,Indonesia,Southeast Asia,5.617,5.517,5.718,1.512,1.229,0.485,1.043,0.295,0.033,1.020,-0.140,
88,79,92,Tajikistan,Commonwealth of Independent States,5.591,5.513,5.669,1.180,1.476,0.783,,0.085,0.336,,,freedom
89,79,93,Armenia,Commonwealth of Independent States,5.584,5.485,5.683,1.608,1.225,1.050,0.914,0.026,0.152,0.608,-0.552,
90,79,93,Hong Kong SAR of China,East Asia,5.569,5.490,5.648,1.960,1.330,1.238,0.852,0.090,0.395,-0.295,-1.455,
91,85,93,Georgia,Commonwealth of Independent States,5.517,5.420,5.614,1.669,1.201,0.500,0.988,0.000,0.161,0.998,-0.162,
92,83,93,Lao PDR,Southeast Asia,5.515,5.390,5.641,1.357,0.866,0.554,1.065,0.134,0.174,1.366,0.206,
93,91,100,Mozambique,Sub-Saharan Africa,5.336,5.147,5.525,0.839,1.018,0.126,0.888,0.116,0.165,2.182,1.022,
94,93,99,Türkiye,Middle East and North Africa,5.300,5.222,5.379,1.785,1.313,0.692,0.363,0.046,0.099,1.002,-0.158,
95,93,101,Iraq,Middle East and North Africa,5.212,5.103,5.321,1.477,1.127,0.704,0.615,0.087,0.084,1.117,-0.043,
96,93,103,Gabon,Sub-Saharan Africa,5.167,5.030,5.304,1.591,1.003,0.450,0.829,0.043,0.092,1.159,-0.001,
97,93,103,Iran,Middle East and North Africa,5.151,5.029,5.274,1.565,1.249,0.693,0.599,0.189,0.124,0.733,-0.427,
98,93,103,Côte d’Ivoire,Sub-Saharan Africa,5.148,5.018,5.277,1.285,0.694,0.450,0.840,0.100,0.176,1.604,0.444,
99,93,103,Nepal,South Asia,5.147,5.030,5.264,1.200,1.099,0.508,0.887,0.117,0.075,1.260,0.100,
100,94,104,Cameroon,Sub-Saharan Africa,5.083,4.956,5.210,1.191,0.900,0.348,0.821,0.094,0.055,1.675,0.515,
101,95,104,South Africa,Sub-Saharan Africa,5.009,4.885,5.132,1.494,1.285,0.101,0.825,0.064,0.064,1.176,0.016,
102,96,104,Azerbaijan,Commonwealth of Independent States,4.993,4.913,5.072,1.636,0.979,0.847,0.935,0.058,0.198,0.340,-0.820,
103,96,108,Niger,Sub-Saharan Africa,4.940,4.790,5.090,0.890,0.651,0.300,0.900,0.121,0.115,1.964,0.804,
104,100,112,Pakistan,South Asia,4.868,4.737,4.999,1.224,0.556,0.489,0.564,0.144,0.071,1.819,0.659,
105,103,113,Tunisia,Middle East and North Africa,4.798,4.714,4.883,1.475,1.043,0.442,0.652,0.038,0.071,1.078,-0.082,
106,103,114,Nigeria,Sub-Saharan Africa,4.788,4.665,4.911,1.335,1.083,0.462,0.735,0.151,0.036,0.986,-0.174,
107,102,114,Senegal,Sub-Saharan Africa,4.787,4.673,4.900,1.164,0.882,0.480,0.922,0.114,0.113,1.111,-0.049,
108,103,114,Namibia,Sub-Saharan Africa,4.781,4.679,4.882,1.410,1.411,0.038,0.670,0.048,0.058,1.145,-0.015,
109,104,121,State of Palestine,Middle East and North Africa,4.694,4.588,4.801,1.242,1.335,,0.742,0.073,0.095,,,health
110,104,125,Kenya,Sub-Saharan Africa,4.674,4.543,4.804,1.242,0.879,0.518,0.798,0.207,0.093,0.936,-0.224,
111,104,124,Ukraine,Commonwealth of Independent States,4.658,4.549,4.767,1.547,1.303,0.498,0.722,0.222,0.008,0.358,-0.802,
112,105,125,Morocco,Middle East and North Africa,4.646,4.532,4.759,1.376,0.401,0.674,0.844,0.035,0.086,1.229,0.069,
113,105,127,Guinea,Sub-Saharan Africa,4.609,4.467,4.751,1.132,0.622,0.364,0.866,0.141,0.102,1.381,0.221,
114,106,127,Mali,Sub-Saharan Africa,4.588,4.471,4.705,1.036,0.779,0.381,0.904,0.078,0.105,1.305,0.145,
115,109,127,Ghana,Sub-Saharan Africa,4.554,4.457,4.650,1.297,0.961,0.507,0.932,0.123,0.035,0.699,-0.461,
116,109,127,India,South Asia,4.536,4.470,4.601,1.397,0.732,0.298,1.015,0.121,0.124,0.848,-0.312,
117,109,129,Somalia,Sub-Saharan Africa,4.508,4.393,4.624,0.818,0.791,0.035,0.928,0.155,0.218,1.562,0.402,
118,109,130,Uganda,Sub-Saharan Africa,4.491,4.373,4.610,1.032,1.181,0.449,0.924,0.140,0.043,0.722,-0.438,
119,109,131,Jordan,Middle East and North Africa,4.478,4.354,4.602,1.388,1.055,0.606,0.853,0.053,0.174,0.348,-0.812,
120,110,130,Mauritania,Sub-Saharan Africa,4.473,4.359,4.587,1.272,0.787,0.593,0.593,0.109,0.188,0.931,-0.229,
121,110,131,Cambodia,Southeast Asia,4.462,4.354,4.569,1.295,1.075,0.531,1.123,0.148,0.088,0.201,-0.959,
122,110,131,Congo,Sub-Saharan Africa,4.456,4.294,4.617,1.259,0.554,0.391,0.751,0.074,0.123,1.304,0.144,
123,111,131,Burkina Faso,Sub-Saharan Africa,4.455,4.354,4.557,0.995,0.630,0.343,0.820,0.135,0.253,1.280,0.120,
124,113,131,Benin,Sub-Saharan Africa,4.393,4.262,4.525,1.122,0.087,0.409,0.816,0.086,0.243,1.630,0.470,
125,113,132,Chad,Sub-Saharan Africa,4.385,4.252,4.518,0.979,0.676,0.292,0.571,0.151,0.116,1.600,0.440,
126,112,133,Lesotho,Sub-Saharan Africa,4.375,4.170,4.579,1.007,1.135,0.000,0.741,0.057,0.069,1.365,0.205,
127,117,133,Bangladesh,South Asia,4.319,4.197,4.442,1.353,0.245,0.672,1.078,0.111,0.087,0.774,-0.386,
128,109,130,Gambia,Sub-Saharan Africa,4.306,4.210,4.403,1.050,0.853,0.393,0.807,0.223,0.042,0.938,-0.222,
129,118,133,Myanmar,Southeast Asia,4.287,4.144,4.430,1.211,0.977,0.488,0.722,0.292,0.160,0.436,-0.724,
130,117,133,Liberia,Sub-Saharan Africa,4.280,4.116,4.444,0.867,0.815,0.386,0.796,0.125,0.066,1.225,0.065,
131,121,133,Togo,Sub-Saharan Africa,4.277,4.170,4.384,1.039,0.572,0.442,0.682,0.085,0.144,1.314,0.154,
132,126,135,Madagascar,Sub-Saharan Africa,4.174,4.062,4.287,0.867,0.710,0.393,0.380,0.118,0.116,1.590,0.430,
133,127,138,Zambia,Sub-Saharan Africa,4.106,3.954,4.259,1.109,0.861,0.250,0.991,0.139,0.101,0.654,-0.506,
134,132,139,Sri Lanka,South Asia,4.013,3.898,4.127,1.496,1.130,0.567,0.872,0.111,0.059,-0.222,-1.382,
135,132,139,Ethiopia,Sub-Saharan Africa,3.985,3.879,4.091,1.033,0.854,0.453,0.653,0.144,0.097,0.753,-0.407,
136,133,141,Comoros,Sub-Saharan Africa,3.925,3.752,4.097,1.089,0.352,0.468,0.373,0.118,0.172,1.352,0.192,
137,133,141,Eswatini,Sub-Saharan Africa,3.909,3.752,4.066,1.410,1.036,0.044,0.579,0.055,0.137,0.647,-0.513,
138,133,141,Tanzania,Sub-Saharan Africa,3.902,3.763,4.041,1.108,0.778,0.459,1.006,0.145,0.251,0.155,-1.005,
139,134,141,Egypt,Middle East and North Africa,3.862,3.765,3.958,1.558,0.862,0.521,0.727,0.022,0.097,0.074,-1.086,
140,136,142,DR Congo,Sub-Saharan Africa,3.761,3.609,3.914,0.857,0.792,0.321,0.720,0.146,0.066,0.860,-0.300,
141,136,142,Lebanon,Middle East and North Africa,3.723,3.635,3.811,1.428,1.050,0.416,0.434,0.074,0.057,0.265,-0.895,
142,140,145,Yemen,Middle East and North Africa,3.532,3.306,3.758,0.692,1.292,0.431,0.549,0.084,0.109,0.374,-0.786,
143,142,145,Botswana,Sub-Saharan Africa,3.464,3.335,3.593,1.582,0.989,0.017,0.860,0.022,0.093,-0.099,-1.259,
144,142,146,Zimbabwe,Sub-Saharan Africa,3.346,3.244,3.449,1.213,0.782,0.189,0.729,0.056,0.128,0.251,-0.909,
145,142,146,Malawi,Sub-Saharan Africa,3.284,3.153,3.415,0.864,0.326,0.299,0.812,0.109,0.143,0.730,-0.430,
146,144,146,Sierra Leone,Sub-Saharan Africa,3.251,3.147,3.355,1.054,0.692,0.405,0.800,0.131,0.052,0.117,-1.043,
147,147,147,Afghanistan,South Asia,1.446,1.348,1.544,0.921,0.000,0.176,0.000,0.079,0.131,0.139,-1.021,
